event_id,ticker,event_ts,event_type,n_insiders,n_filings,total_value,first_filing
f4_TPVG_2025-09-04,TPVG,2025-09-04,form4_cluster_buy,2,4,1386372.48,2025-09-04
f4_AVBC_2025-09-05,AVBC,2025-09-05,form4_cluster_buy,2,2,100052.59,2025-09-03
f4_BWFG_2025-09-05,BWFG,2025-09-05,form4_cluster_buy,5,6,107412.9,2025-09-05
f4_AFCG_2025-09-08,AFCG,2025-09-08,form4_cluster_buy,2,4,748800.93,2025-09-03
f4_AARD_2025-09-12,AARD,2025-09-12,form4_cluster_buy,2,4,209093.8,2025-09-10
f4_CAMP_2025-09-15,CAMP,2025-09-15,form4_cluster_buy,7,9,8554993.77,2025-09-11
f4_SI_2025-09-15,SI,2025-09-15,form4_cluster_buy,2,3,147827.0,2025-09-15
f4_TTGT_2025-09-15,TTGT,2025-09-15,form4_cluster_buy,2,2,143894.0,2025-09-12
f4_NMFC_2025-09-18,NMFC,2025-09-18,form4_cluster_buy,2,3,1542405.0,2025-09-16
f4_AVBC_2025-09-19,AVBC,2025-09-19,form4_cluster_buy,2,3,139612.1,2025-09-15
f4_MSIF_2025-09-29,MSIF,2025-09-29,form4_cluster_buy,3,5,150606.05,2025-09-24
f4_PEPG_2025-10-01,PEPG,2025-10-01,form4_cluster_buy,2,2,30640000.0,2025-09-30
f4_IMRX_2025-10-02,IMRX,2025-10-02,form4_cluster_buy,4,5,102617.11,2025-09-30
f4_GWRS_2025-10-07,GWRS,2025-10-07,form4_cluster_buy,2,2,9086896.9,2025-10-07
f4_CBK_2025-10-09,CBK,2025-10-09,form4_cluster_buy,2,2,199968.0,2025-10-09
f4_CPSH_2025-10-09,CPSH,2025-10-09,form4_cluster_buy,5,5,201498.0,2025-10-09
f4_CBK_2025-10-15,CBK,2025-10-15,form4_cluster_buy,2,2,549984.0,2025-10-15
f4_TTRX_2025-10-23,TTRX,2025-10-23,form4_cluster_buy,2,2,124997.4,2025-10-23
f4_INBK_2025-11-03,INBK,2025-11-03,form4_cluster_buy,3,3,151943.4,2025-10-30
f4_AVBC_2025-11-04,AVBC,2025-11-04,form4_cluster_buy,2,5,174896.08,2025-10-31
f4_NEWT_2025-11-04,NEWT,2025-11-04,form4_cluster_buy,2,6,112600.0,2025-11-03
f4_BPRN_2025-11-06,BPRN,2025-11-06,form4_cluster_buy,2,3,114997.8,2025-11-03
f4_NVCT_2025-11-06,NVCT,2025-11-06,form4_cluster_buy,3,3,168110.0,2025-11-06
f4_AVBC_2025-11-07,AVBC,2025-11-07,form4_cluster_buy,2,4,201181.04,2025-11-06
f4_XZO_2025-11-07,XZO,2025-11-07,form4_cluster_buy,8,8,1869000.0,2025-11-07
f4_FDBC_2025-11-10,FDBC,2025-11-10,form4_cluster_buy,3,3,175819.5,2025-11-10
f4_LENZ_2025-11-10,LENZ,2025-11-10,form4_cluster_buy,2,3,289295.19,2025-11-07
f4_GBFH_2025-11-12,GBFH,2025-11-12,form4_cluster_buy,2,5,859848.92,2025-11-12
f4_WEST_2025-11-12,WEST,2025-11-12,form4_cluster_buy,3,6,570127.82,2025-11-12
f4_ARQ_2025-11-13,ARQ,2025-11-13,form4_cluster_buy,3,4,346047.54,2025-11-12
f4_AVBC_2025-11-13,AVBC,2025-11-13,form4_cluster_buy,2,2,126227.74,2025-11-12
f4_RGP_2025-11-13,RGP,2025-11-13,form4_cluster_buy,2,4,904200.0,2025-11-13
f4_SENS_2025-11-13,SENS,2025-11-13,form4_cluster_buy,3,3,184790.2,2025-11-10
f4_FRPH_2025-11-14,FRPH,2025-11-14,form4_cluster_buy,3,6,345854.85,2025-11-12
f4_WHF_2025-11-14,WHF,2025-11-14,form4_cluster_buy,2,7,291744.0,2025-11-14
f4_CRVO_2025-11-17,CRVO,2025-11-17,form4_cluster_buy,4,10,301571.32,2025-11-13
f4_TPVG_2025-11-17,TPVG,2025-11-17,form4_cluster_buy,2,8,2049294.86,2025-11-13
f4_AP_2025-11-19,AP,2025-11-19,form4_cluster_buy,2,3,140360.0,2025-11-18
f4_CRVO_2025-11-19,CRVO,2025-11-19,form4_cluster_buy,4,8,436152.0,2025-11-19
f4_EML_2025-11-19,EML,2025-11-19,form4_cluster_buy,2,7,190782.76,2025-11-14
f4_GCBC_2025-11-19,GCBC,2025-11-19,form4_cluster_buy,2,3,106932.0,2025-11-17
f4_CTEV_2025-11-20,CTEV,2025-11-20,form4_cluster_buy,4,4,676121.73,2025-11-18
f4_SVCO_2025-11-20,SVCO,2025-11-20,form4_cluster_buy,3,4,224256.39,2025-11-18
f4_AEBI_2025-11-21,AEBI,2025-11-21,form4_cluster_buy,3,3,180250.0,2025-11-17
f4_GLRE_2025-11-21,GLRE,2025-11-21,form4_cluster_buy,2,2,129454.0,2025-11-19
f4_GRNT_2025-11-21,GRNT,2025-11-21,form4_cluster_buy,2,6,131630.0,2025-11-17
f4_TPVG_2025-11-21,TPVG,2025-11-21,form4_cluster_buy,2,8,2032519.66,2025-11-19
f4_AISP_2025-11-24,AISP,2025-11-24,form4_cluster_buy,2,4,351215.2,2025-11-19
f4_FOSL_2025-11-24,FOSL,2025-11-24,form4_cluster_buy,5,7,664465.74,2025-11-19
f4_NTHI_2025-11-24,NTHI,2025-11-24,form4_cluster_buy,2,4,192019.0,2025-11-24
f4_WEST_2025-11-24,WEST,2025-11-24,form4_cluster_buy,3,5,920850.0,2025-11-19
f4_AVBC_2025-11-25,AVBC,2025-11-25,form4_cluster_buy,3,3,107865.92,2025-11-20
f4_CBK_2025-11-25,CBK,2025-11-25,form4_cluster_buy,2,2,102462.64,2025-11-25
f4_TPVG_2025-11-25,TPVG,2025-11-25,form4_cluster_buy,2,4,1132060.21,2025-11-25
f4_MLP_2025-11-26,MLP,2025-11-26,form4_cluster_buy,2,7,404080.0,2025-11-21
f4_AVBC_2025-12-03,AVBC,2025-12-03,form4_cluster_buy,2,2,180327.28,2025-12-01
f4_TPVG_2025-12-05,TPVG,2025-12-05,form4_cluster_buy,2,14,3246663.71,2025-12-01
f4_BWFG_2025-12-08,BWFG,2025-12-08,form4_cluster_buy,5,6,105212.37,2025-12-08
f4_SRZN_2025-12-08,SRZN,2025-12-08,form4_cluster_buy,2,8,1389700.92,2025-12-08
f4_JFB_2025-12-10,JFB,2025-12-10,form4_cluster_buy,2,2,128077.0,2025-12-09
f4_SVCO_2025-12-10,SVCO,2025-12-10,form4_cluster_buy,3,3,193755.87,2025-12-08
f4_AARD_2025-12-12,AARD,2025-12-12,form4_cluster_buy,2,2,144595.0,2025-12-12
f4_OFLX_2025-12-12,OFLX,2025-12-12,form4_cluster_buy,2,4,118485.68,2025-12-08
f4_TPVG_2025-12-12,TPVG,2025-12-12,form4_cluster_buy,2,10,2071579.88,2025-12-09
f4_CJMB_2025-12-15,CJMB,2025-12-15,form4_cluster_buy,2,7,102941.97,2025-12-10
f4_SI_2025-12-15,SI,2025-12-15,form4_cluster_buy,2,4,136640.99,2025-12-15
f4_VRA_2025-12-15,VRA,2025-12-15,form4_cluster_buy,2,3,693237.0,2025-12-15
f4_BCIC_2025-12-16,BCIC,2025-12-16,form4_cluster_buy,5,5,1334963.09,2025-12-16
f4_EML_2025-12-17,EML,2025-12-17,form4_cluster_buy,7,7,199121.18,2025-12-16
f4_TPVG_2025-12-18,TPVG,2025-12-18,form4_cluster_buy,2,8,1480363.97,2025-12-16
f4_GTE_2025-12-22,GTE,2025-12-22,form4_cluster_buy,2,2,1965990.0,2025-12-19
f4_HYPD_2025-12-22,HYPD,2025-12-22,form4_cluster_buy,3,4,398026.45,2025-12-19
f4_TPVG_2025-12-22,TPVG,2025-12-22,form4_cluster_buy,2,4,677629.8,2025-12-22
f4_XZO_2025-12-22,XZO,2025-12-22,form4_cluster_buy,3,3,637329.0,2025-12-22
f4_WHF_2025-12-29,WHF,2025-12-29,form4_cluster_buy,2,5,193616.28,2025-12-29
f4_BOC_2025-12-30,BOC,2025-12-30,form4_cluster_buy,3,7,1346782.68,2025-12-30
f4_TPVG_2025-12-31,TPVG,2025-12-31,form4_cluster_buy,2,12,2145281.8,2025-12-29
f4_SRZN_2026-01-08,SRZN,2026-01-08,form4_cluster_buy,2,4,600593.44,2026-01-08
f4_LMNR_2026-01-09,LMNR,2026-01-09,form4_cluster_buy,2,3,319021.74,2026-01-06
f4_TPVG_2026-01-09,TPVG,2026-01-09,form4_cluster_buy,2,14,2875803.68,2026-01-05
f4_TPVG_2026-01-13,TPVG,2026-01-13,form4_cluster_buy,2,4,526863.36,2026-01-13
f4_ACRV_2026-01-16,ACRV,2026-01-16,form4_cluster_buy,3,3,114341.39,2026-01-15
f4_IMRX_2026-01-16,IMRX,2026-01-16,form4_cluster_buy,3,3,108311.64,2026-01-14
f4_NEWT_2026-01-16,NEWT,2026-01-16,form4_cluster_buy,5,9,148383.56,2026-01-15
f4_SRZN_2026-01-20,SRZN,2026-01-20,form4_cluster_buy,2,20,1997899.56,2026-01-15
f4_IMRX_2026-01-21,IMRX,2026-01-21,form4_cluster_buy,2,2,126031.02,2026-01-20
f4_ISBA_2026-01-23,ISBA,2026-01-23,form4_cluster_buy,7,8,105012.96,2026-01-21
f4_NWFL_2026-01-29,NWFL,2026-01-29,form4_cluster_buy,3,6,274789.96,2026-01-28
f4_THM_2026-01-30,THM,2026-01-30,form4_cluster_buy,2,4,72120702.66,2026-01-27
f4_CMTV_2026-02-05,CMTV,2026-02-05,form4_cluster_buy,4,5,235876.0,2026-02-02
f4_CING_2026-02-10,CING,2026-02-10,form4_cluster_buy,4,4,166692.96,2026-02-10
f4_LUCK_2026-02-13,LUCK,2026-02-13,form4_cluster_buy,2,2,137020.0,2026-02-10
f4_CNVS_2026-02-17,CNVS,2026-02-17,form4_cluster_buy,7,7,525000.0,2026-02-17
f4_TLSI_2026-02-23,TLSI,2026-02-23,form4_cluster_buy,5,6,1785488.5,2026-02-23
f4_TBI_2026-02-26,TBI,2026-02-26,form4_cluster_buy,3,3,149086.0,2026-02-24
f4_CTEV_2026-03-02,CTEV,2026-03-02,form4_cluster_buy,3,3,638625.2,2026-03-02
f4_LEE_2026-03-03,LEE,2026-03-03,form4_cluster_buy,2,14,1052252.4,2026-02-26
f4_LAW_2026-03-04,LAW,2026-03-04,form4_cluster_buy,4,6,3633218.56,2026-03-02
f4_SLRC_2026-03-05,SLRC,2026-03-05,form4_cluster_buy,2,4,3090971.54,2026-03-05
f4_NCDL_2026-03-06,NCDL,2026-03-06,form4_cluster_buy,5,6,454998.4,2026-03-05
f4_NMFC_2026-03-06,NMFC,2026-03-06,form4_cluster_buy,4,15,8476884.48,2026-03-02
f4_LYEL_2026-03-09,LYEL,2026-03-09,form4_cluster_buy,2,2,24999969.8,2026-03-09
f4_TKNO_2026-03-09,TKNO,2026-03-09,form4_cluster_buy,2,2,143417.2,2026-03-09
f4_LEE_2026-03-10,LEE,2026-03-10,form4_cluster_buy,2,15,1124327.0,2026-03-05
f4_SSP_2026-03-10,SSP,2026-03-10,form4_cluster_buy,11,27,5776815.29,2026-03-05
f4_TCPC_2026-03-10,TCPC,2026-03-10,form4_cluster_buy,3,4,337442.38,2026-03-10
f4_EML_2026-03-11,EML,2026-03-11,form4_cluster_buy,2,4,156861.87,2026-03-09
f4_SSP_2026-03-11,SSP,2026-03-11,form4_cluster_buy,11,18,2168686.62,2026-03-11
f4_COFS_2026-03-12,COFS,2026-03-12,form4_cluster_buy,2,2,166837.0,2026-03-09
f4_KRRO_2026-03-12,KRRO,2026-03-12,form4_cluster_buy,9,9,20707929.0,2026-03-12
f4_NCDL_2026-03-12,NCDL,2026-03-12,form4_cluster_buy,2,2,310469.47,2026-03-11
f4_ADV_2026-03-13,ADV,2026-03-13,form4_cluster_buy,3,5,263666.68,2026-03-09
f4_AVBC_2026-03-13,AVBC,2026-03-13,form4_cluster_buy,4,5,113983.04,2026-03-10
f4_BWFG_2026-03-13,BWFG,2026-03-13,form4_cluster_buy,5,30,1528368.77,2026-03-09
f4_ALTG_2026-03-16,ALTG,2026-03-16,form4_cluster_buy,2,7,519262.33,2026-03-13
f4_CTEV_2026-03-16,CTEV,2026-03-16,form4_cluster_buy,2,2,270497.0,2026-03-16
f4_GRNT_2026-03-16,GRNT,2026-03-16,form4_cluster_buy,5,7,219425.0,2026-03-11
f4_OSUR_2026-03-16,OSUR,2026-03-16,form4_cluster_buy,2,2,132062.94,2026-03-16
f4_SENS_2026-03-16,SENS,2026-03-16,form4_cluster_buy,2,2,200007.75,2026-03-16
f4_AEYE_2026-03-17,AEYE,2026-03-17,form4_cluster_buy,2,4,319142.35,2026-03-12
f4_FOA_2026-03-17,FOA,2026-03-17,form4_cluster_buy,2,2,174852.6,2026-03-16
f4_SCM_2026-03-17,SCM,2026-03-17,form4_cluster_buy,3,7,766430.85,2026-03-17
f4_SDHC_2026-03-17,SDHC,2026-03-17,form4_cluster_buy,4,4,525428.7,2026-03-17
f4_WHF_2026-03-17,WHF,2026-03-17,form4_cluster_buy,2,7,186767.95,2026-03-16
f4_GCBC_2026-03-18,GCBC,2026-03-18,form4_cluster_buy,2,3,198080.0,2026-03-18
f4_ARQ_2026-03-19,ARQ,2026-03-19,form4_cluster_buy,3,4,173745.15,2026-03-16
f4_EML_2026-03-20,EML,2026-03-20,form4_cluster_buy,7,7,190285.5,2026-03-17
f4_KLC_2026-03-23,KLC,2026-03-23,form4_cluster_buy,2,3,1054221.28,2026-03-18
f4_OSUR_2026-03-23,OSUR,2026-03-23,form4_cluster_buy,2,2,189197.25,2026-03-23
f4_INSE_2026-03-27,INSE,2026-03-27,form4_cluster_buy,3,8,545788.85,2026-03-27
f4_TGEN_2026-03-27,TGEN,2026-03-27,form4_cluster_buy,5,6,105398.5,2026-03-23
f4_XZO_2026-03-27,XZO,2026-03-27,form4_cluster_buy,2,7,240700.0,2026-03-23
f4_LENZ_2026-03-30,LENZ,2026-03-30,form4_cluster_buy,3,3,365575.74,2026-03-30
f4_AFCG_2026-04-01,AFCG,2026-04-01,form4_cluster_buy,2,4,162225.8,2026-03-30
f4_LODE_2026-04-02,LODE,2026-04-02,form4_cluster_buy,2,3,179396.0,2026-04-01
f4_NTHI_2026-04-13,NTHI,2026-04-13,form4_cluster_buy,2,4,131950.0,2026-04-09
f4_USAU_2026-04-14,USAU,2026-04-14,form4_cluster_buy,3,3,158265.95,2026-04-10
f4_TBN_2026-04-15,TBN,2026-04-15,form4_cluster_buy,2,2,621639.21,2026-04-10
f4_PRLD_2026-04-23,PRLD,2026-04-23,form4_cluster_buy,2,4,24999997.2,2026-04-23
f4_GAME_2026-04-27,GAME,2026-04-27,form4_cluster_buy,2,5,1374517.94,2026-04-24
f4_AVBC_2026-04-30,AVBC,2026-04-30,form4_cluster_buy,4,4,205205.4,2026-04-29
f4_SUNE_2026-05-01,SUNE,2026-05-01,form4_cluster_buy,2,2,1199999.82,2026-05-01
f4_ANIK_2026-05-04,ANIK,2026-05-04,form4_cluster_buy,2,2,223200.16,2026-04-30
f4_BWMX_2026-05-04,BWMX,2026-05-04,form4_cluster_buy,2,2,170758.64,2026-04-30
f4_OFIX_2026-05-08,OFIX,2026-05-08,form4_cluster_buy,2,9,2294222.45,2026-05-07
f4_FTCI_2026-05-12,FTCI,2026-05-12,form4_cluster_buy,3,4,145385.0,2026-05-07
f4_INFU_2026-05-12,INFU,2026-05-12,form4_cluster_buy,3,4,131469.0,2026-05-12
f4_LODE_2026-05-14,LODE,2026-05-14,form4_cluster_buy,2,3,1538014.57,2026-05-12
f4_LTRN_2026-05-14,LTRN,2026-05-14,form4_cluster_buy,2,2,200001.28,2026-05-14
f4_STRZ_2026-05-14,STRZ,2026-05-14,form4_cluster_buy,2,2,310150.0,2026-05-14
f4_AVBC_2026-05-15,AVBC,2026-05-15,form4_cluster_buy,3,6,167306.36,2026-05-11
f4_HDSN_2026-05-15,HDSN,2026-05-15,form4_cluster_buy,7,9,151409.75,2026-05-15
f4_NCDL_2026-05-15,NCDL,2026-05-15,form4_cluster_buy,2,2,115960.22,2026-05-13
f4_RGR_2026-05-15,RGR,2026-05-15,form4_cluster_buy,2,2,229890.0,2026-05-13
f4_SSP_2026-05-15,SSP,2026-05-15,form4_cluster_buy,2,2,262274.78,2026-05-14
f4_GRNT_2026-05-18,GRNT,2026-05-18,form4_cluster_buy,4,4,700497.8,2026-05-13
f4_TLSI_2026-05-18,TLSI,2026-05-18,form4_cluster_buy,5,6,1821429.38,2026-05-18
f4_AEBI_2026-05-19,AEBI,2026-05-19,form4_cluster_buy,5,5,247315.0,2026-05-19
f4_CTEV_2026-05-19,CTEV,2026-05-19,form4_cluster_buy,3,4,468588.4,2026-05-19
f4_LWAY_2026-05-19,LWAY,2026-05-19,form4_cluster_buy,2,8,8401936.47,2026-05-18
f4_KRMD_2026-05-20,KRMD,2026-05-20,form4_cluster_buy,3,4,1459129.36,2026-05-18
f4_OBIO_2026-05-20,OBIO,2026-05-20,form4_cluster_buy,3,4,138930.65,2026-05-18
f4_SWIM_2026-05-21,SWIM,2026-05-21,form4_cluster_buy,2,2,315745.0,2026-05-20
f4_WW_2026-05-21,WW,2026-05-21,form4_cluster_buy,3,3,310876.0,2026-05-21
f4_ACOG_2026-05-22,ACOG,2026-05-22,form4_cluster_buy,2,5,356714.12,2026-05-19
f4_BRCB_2026-05-22,BRCB,2026-05-22,form4_cluster_buy,4,6,73357896.58,2026-05-19
f4_CCAP_2026-05-22,CCAP,2026-05-22,form4_cluster_buy,4,4,1077080.5,2026-05-20
f4_AII_2026-05-27,AII,2026-05-27,form4_cluster_buy,3,3,199715.5,2026-05-26
f4_HCWB_2026-05-27,HCWB,2026-05-27,form4_cluster_buy,3,3,430000.25,2026-05-27
f4_WW_2026-05-27,WW,2026-05-27,form4_cluster_buy,2,5,314810.48,2026-05-27
f4_WHF_2026-05-29,WHF,2026-05-29,form4_cluster_buy,3,10,376111.5,2026-05-26
f4_BOC_2026-06-01,BOC,2026-06-01,form4_cluster_buy,2,7,1192233.19,2026-05-27
f4_LODE_2026-06-03,LODE,2026-06-03,form4_cluster_buy,4,6,1614816.14,2026-06-03
f4_MDWD_2026-06-04,MDWD,2026-06-04,form4_cluster_buy,3,6,136045.69,2026-06-01
f4_WHF_2026-06-05,WHF,2026-06-05,form4_cluster_buy,2,9,201876.2,2026-06-02
f4_ARDT_2026-06-08,ARDT,2026-06-08,form4_cluster_buy,2,2,186399.8,2026-06-08
f4_EML_2026-06-08,EML,2026-06-08,form4_cluster_buy,2,4,133412.88,2026-06-05
f4_INR_2026-06-08,INR,2026-06-08,form4_cluster_buy,2,4,907181.86,2026-06-03
f4_HRZN_2026-06-11,HRZN,2026-06-11,form4_cluster_buy,6,7,655803.95,2026-06-10
f4_MSIF_2026-06-11,MSIF,2026-06-11,form4_cluster_buy,2,4,100008.96,2026-06-08
f4_BGDE_2026-06-15,BGDE,2026-06-15,form4_cluster_buy,5,12,563277.28,2026-06-11
f4_INR_2026-06-15,INR,2026-06-15,form4_cluster_buy,3,4,630887.55,2026-06-11
f4_KRNY_2026-06-15,KRNY,2026-06-15,form4_cluster_buy,2,3,114476.81,2026-06-11
f4_NEWT_2026-06-16,NEWT,2026-06-16,form4_cluster_buy,2,5,234217.5,2026-06-15
f4_VRA_2026-06-16,VRA,2026-06-16,form4_cluster_buy,2,2,204820.85,2026-06-16
f4_EML_2026-06-17,EML,2026-06-17,form4_cluster_buy,4,6,147540.6,2026-06-12
f4_WHF_2026-06-18,WHF,2026-06-18,form4_cluster_buy,2,3,195966.2,2026-06-16
f4_LOVE_2026-06-23,LOVE,2026-06-23,form4_cluster_buy,3,3,490146.4,2026-06-22
f4_LILA_2026-06-25,LILA,2026-06-25,form4_cluster_buy,4,12,29622130.93,2026-06-23
f4_NVCT_2026-07-01,NVCT,2026-07-01,form4_cluster_buy,2,2,1166000.0,2026-07-01
f4_GRML_2026-07-20,GRML,2026-07-20,form4_cluster_buy,2,2,270102.0,2026-07-17
f4_RBKB_2026-07-23,RBKB,2026-07-23,form4_cluster_buy,4,6,656408.5,2026-07-23
f4_BYRN_2026-07-28,BYRN,2026-07-28,form4_cluster_buy,5,12,381859.16,2026-07-23
f4_ORN_2026-08-04,ORN,2026-08-04,form4_cluster_buy,4,4,320840.35,2026-08-04
f4_GBFH_2026-08-07,GBFH,2026-08-07,form4_cluster_buy,5,8,1742873.54,2026-08-05
f4_AVBC_2026-08-12,AVBC,2026-08-12,form4_cluster_buy,2,7,227519.28,2026-08-12
f4_STRZ_2026-08-12,STRZ,2026-08-12,form4_cluster_buy,2,2,273730.0,2026-08-11
f4_CIA_2026-08-13,CIA,2026-08-13,form4_cluster_buy,2,3,264015.28,2026-08-11
f4_LILA_2026-08-13,LILA,2026-08-13,form4_cluster_buy,2,7,3700379.72,2026-08-11
f4_ANGX_2026-08-14,ANGX,2026-08-14,form4_cluster_buy,2,3,1480602.31,2026-08-14
f4_BPRN_2026-08-14,BPRN,2026-08-14,form4_cluster_buy,2,2,455300.45,2026-08-10
f4_PAL_2026-08-14,PAL,2026-08-14,form4_cluster_buy,3,4,300222.25,2026-08-14
f4_PRE_2026-08-26,PRE,2026-08-26,form4_cluster_buy,2,5,999698.4,2026-08-24
f4_LIEN_2026-08-27,LIEN,2026-08-27,form4_cluster_buy,2,9,185032.36,2026-08-24
f4_FTCI_2026-08-31,FTCI,2026-08-31,form4_cluster_buy,2,3,217394.75,2026-08-26
