event_id,ticker,event_type,event_ts,entry_date,exit_date,horizon,event_ret,control,control_ret,abnormal_ret
f4_TPVG_2025-09-04,TPVG,form4_cluster_buy,2025-09-04T00:00:00,2025-09-05,2025-10-06,21,-0.15261,SPY,0.040529,-0.19314
f4_AVBC_2025-09-05,AVBC,form4_cluster_buy,2025-09-05T00:00:00,2025-09-08,2025-10-07,21,-0.066836,SPY,0.034131,-0.100967
f4_BWFG_2025-09-05,BWFG,form4_cluster_buy,2025-09-05T00:00:00,2025-09-08,2025-10-07,21,-0.013908,SPY,0.034131,-0.048039
f4_AFCG_2025-09-08,AFCG,form4_cluster_buy,2025-09-08T00:00:00,2025-09-09,2025-10-08,21,-0.180054,SPY,0.037898,-0.217952
f4_AARD_2025-09-12,AARD,form4_cluster_buy,2025-09-12T00:00:00,2025-09-15,2025-10-14,21,0.492462,SPY,0.004775,0.487687
f4_CAMP_2025-09-15,CAMP,form4_cluster_buy,2025-09-15T00:00:00,2025-09-16,2025-10-15,21,0.241877,SPY,0.010628,0.23125
f4_SI_2025-09-15,SI,form4_cluster_buy,2025-09-15T00:00:00,2025-09-16,2025-10-15,21,-0.228662,SPY,0.010628,-0.23929
f4_TTGT_2025-09-15,TTGT,form4_cluster_buy,2025-09-15T00:00:00,2025-09-16,2025-10-15,21,-0.160305,SPY,0.010628,-0.170933
f4_NMFC_2025-09-18,NMFC,form4_cluster_buy,2025-09-18T00:00:00,2025-09-19,2025-10-20,21,-0.059536,SPY,0.011451,-0.070987
f4_MSIF_2025-09-29,MSIF,form4_cluster_buy,2025-09-29T00:00:00,2025-09-30,2025-10-29,21,-0.035796,SPY,0.031838,-0.067634
f4_PEPG_2025-10-01,PEPG,form4_cluster_buy,2025-10-01T00:00:00,2025-10-02,2025-10-31,21,-0.082677,SPY,0.019187,-0.101864
f4_IMRX_2025-10-02,IMRX,form4_cluster_buy,2025-10-02T00:00:00,2025-10-03,2025-11-03,21,0.084297,SPY,0.021114,0.063183
f4_GWRS_2025-10-07,GWRS,form4_cluster_buy,2025-10-07T00:00:00,2025-10-08,2025-11-06,21,-0.05353,SPY,-0.00416,-0.04937
f4_CBK_2025-10-09,CBK,form4_cluster_buy,2025-10-09T00:00:00,2025-10-10,2025-11-10,21,-0.005339,SPY,0.043521,-0.04886
f4_CPSH_2025-10-09,CPSH,form4_cluster_buy,2025-10-09T00:00:00,2025-10-10,2025-11-10,21,-0.234375,SPY,0.043521,-0.277896
f4_TTRX_2025-10-23,TTRX,form4_cluster_buy,2025-10-23T00:00:00,2025-10-24,2025-11-24,21,-0.311024,SPY,-0.01258,-0.298443
f4_INBK_2025-11-03,INBK,form4_cluster_buy,2025-11-03T00:00:00,2025-11-04,2025-12-04,21,0.129557,SPY,0.013551,0.116006
f4_AVBC_2025-11-04,AVBC,form4_cluster_buy,2025-11-04T00:00:00,2025-11-05,2025-12-05,21,0.109333,SPY,0.011969,0.097364
f4_NEWT_2025-11-04,NEWT,form4_cluster_buy,2025-11-04T00:00:00,2025-11-05,2025-12-05,21,0.073333,SPY,0.011969,0.061364
f4_BPRN_2025-11-06,BPRN,form4_cluster_buy,2025-11-06T00:00:00,2025-11-07,2025-12-09,21,0.006024,SPY,0.017989,-0.011965
f4_NVCT_2025-11-06,NVCT,form4_cluster_buy,2025-11-06T00:00:00,2025-11-07,2025-12-09,21,0.138436,SPY,0.017989,0.120448
f4_XZO_2025-11-07,XZO,form4_cluster_buy,2025-11-07T00:00:00,2025-11-10,2025-12-10,21,-0.070212,SPY,0.008996,-0.079207
f4_FDBC_2025-11-10,FDBC,form4_cluster_buy,2025-11-10T00:00:00,2025-11-11,2025-12-11,21,0.037935,SPY,0.009034,0.028901
f4_LENZ_2025-11-10,LENZ,form4_cluster_buy,2025-11-10T00:00:00,2025-11-11,2025-12-11,21,-0.073724,SPY,0.009034,-0.082758
f4_GBFH_2025-11-12,GBFH,form4_cluster_buy,2025-11-12T00:00:00,2025-11-13,2025-12-15,21,0.044956,SPY,0.012931,0.032026
f4_WEST_2025-11-12,WEST,form4_cluster_buy,2025-11-12T00:00:00,2025-11-13,2025-12-15,21,-0.016166,SPY,0.012931,-0.029097
f4_ARQ_2025-11-13,ARQ,form4_cluster_buy,2025-11-13T00:00:00,2025-11-14,2025-12-16,21,-0.067989,SPY,0.010328,-0.078317
f4_RGP_2025-11-13,RGP,form4_cluster_buy,2025-11-13T00:00:00,2025-11-14,2025-12-16,21,0.085417,SPY,0.010328,0.075088
f4_SENS_2025-11-13,SENS,form4_cluster_buy,2025-11-13T00:00:00,2025-11-14,2025-12-16,21,0.057508,SPY,0.010328,0.04718
f4_FRPH_2025-11-14,FRPH,form4_cluster_buy,2025-11-14T00:00:00,2025-11-17,2025-12-17,21,-0.024014,SPY,0.008608,-0.032622
f4_WHF_2025-11-14,WHF,form4_cluster_buy,2025-11-14T00:00:00,2025-11-17,2025-12-17,21,0.01831,SPY,0.008608,0.009702
f4_CRVO_2025-11-17,CRVO,form4_cluster_buy,2025-11-17T00:00:00,2025-11-18,2025-12-18,21,-0.048193,SPY,0.02483,-0.073023
f4_TPVG_2025-11-17,TPVG,form4_cluster_buy,2025-11-17T00:00:00,2025-11-18,2025-12-18,21,0.079143,SPY,0.02483,0.054312
f4_AP_2025-11-19,AP,form4_cluster_buy,2025-11-19T00:00:00,2025-11-20,2025-12-22,21,0.636735,SPY,0.052601,0.584134
f4_EML_2025-11-19,EML,form4_cluster_buy,2025-11-19T00:00:00,2025-11-20,2025-12-22,21,0.016598,SPY,0.052601,-0.036003
f4_GCBC_2025-11-19,GCBC,form4_cluster_buy,2025-11-19T00:00:00,2025-11-20,2025-12-22,21,0.086071,SPY,0.052601,0.03347
f4_CTEV_2025-11-20,CTEV,form4_cluster_buy,2025-11-20T00:00:00,2025-11-21,2025-12-23,21,-0.113328,SPY,0.046982,-0.16031
f4_SVCO_2025-11-20,SVCO,form4_cluster_buy,2025-11-20T00:00:00,2025-11-21,2025-12-23,21,0.023364,SPY,0.046982,-0.023618
f4_GRNT_2025-11-21,GRNT,form4_cluster_buy,2025-11-21T00:00:00,2025-11-24,2025-12-24,21,-0.057481,SPY,0.035425,-0.092907
f4_AEBI_2025-11-21,AEBI,form4_cluster_buy,2025-11-21T00:00:00,2025-11-24,2025-12-24,21,0.09891,SPY,0.035425,0.063485
f4_GLRE_2025-11-21,GLRE,form4_cluster_buy,2025-11-21T00:00:00,2025-11-24,2025-12-24,21,0.135764,SPY,0.035425,0.100339
f4_AISP_2025-11-24,AISP,form4_cluster_buy,2025-11-24T00:00:00,2025-11-25,2025-12-26,21,-0.213889,SPY,0.025673,-0.239562
f4_FOSL_2025-11-24,FOSL,form4_cluster_buy,2025-11-24T00:00:00,2025-11-25,2025-12-26,21,0.305085,SPY,0.025673,0.279412
f4_NTHI_2025-11-24,NTHI,form4_cluster_buy,2025-11-24T00:00:00,2025-11-25,2025-12-26,21,-0.030543,SPY,0.025673,-0.056216
f4_CBK_2025-11-25,CBK,form4_cluster_buy,2025-11-25T00:00:00,2025-11-26,2025-12-29,21,-0.011741,SPY,0.015011,-0.026752
f4_MLP_2025-11-26,MLP,form4_cluster_buy,2025-11-26T00:00:00,2025-11-28,2025-12-30,21,0.071924,SPY,0.008268,0.063657
f4_BWFG_2025-12-08,BWFG,form4_cluster_buy,2025-12-08T00:00:00,2025-12-09,2026-01-09,21,-0.023212,SPY,0.019151,-0.042363
f4_SRZN_2025-12-08,SRZN,form4_cluster_buy,2025-12-08T00:00:00,2025-12-09,2026-01-09,21,-0.163348,SPY,0.019151,-0.1825
f4_JFB_2025-12-10,JFB,form4_cluster_buy,2025-12-10T00:00:00,2025-12-11,2026-01-13,21,0.041612,SPY,0.009649,0.031963
f4_OFLX_2025-12-12,OFLX,form4_cluster_buy,2025-12-12T00:00:00,2025-12-15,2026-01-15,21,0.052937,SPY,0.019913,0.033023
f4_AARD_2025-12-12,AARD,form4_cluster_buy,2025-12-12T00:00:00,2025-12-15,2026-01-15,21,0.060815,SPY,0.019913,0.040902
f4_CJMB_2025-12-15,CJMB,form4_cluster_buy,2025-12-15T00:00:00,2025-12-16,2026-01-16,21,1.20339,SPY,0.021851,1.181539
f4_SI_2025-12-15,SI,form4_cluster_buy,2025-12-15T00:00:00,2025-12-16,2026-01-16,21,-0.14878,SPY,0.021851,-0.170631
f4_VRA_2025-12-15,VRA,form4_cluster_buy,2025-12-15T00:00:00,2025-12-16,2026-01-16,21,0.308756,SPY,0.021851,0.286905
f4_BCIC_2025-12-16,BCIC,form4_cluster_buy,2025-12-16T00:00:00,2025-12-17,2026-01-20,21,-0.003263,SPY,0.012187,-0.015449
f4_HYPD_2025-12-22,HYPD,form4_cluster_buy,2025-12-22T00:00:00,2025-12-23,2026-01-26,21,-0.2,SPY,0.006933,-0.206933
f4_TPVG_2025-12-22,TPVG,form4_cluster_buy,2025-12-22T00:00:00,2025-12-23,2026-01-26,21,0.0144,SPY,0.006933,0.007467
f4_GTE_2025-12-22,GTE,form4_cluster_buy,2025-12-22T00:00:00,2025-12-23,2026-01-26,21,0.3,SPY,0.006933,0.293067
f4_XZO_2025-12-22,XZO,form4_cluster_buy,2025-12-22T00:00:00,2025-12-23,2026-01-26,21,-0.080638,SPY,0.006933,-0.087572
f4_WHF_2025-12-29,WHF,form4_cluster_buy,2025-12-29T00:00:00,2025-12-30,2026-01-30,21,-0.037303,SPY,0.00722,-0.044522
f4_BOC_2025-12-30,BOC,form4_cluster_buy,2025-12-30T00:00:00,2025-12-31,2026-02-02,21,0.033145,SPY,0.019782,0.013362
f4_LMNR_2026-01-09,LMNR,form4_cluster_buy,2026-01-09T00:00:00,2026-01-12,2026-02-11,21,0.029949,SPY,-0.004603,0.034552
f4_ACRV_2026-01-16,ACRV,form4_cluster_buy,2026-01-16T00:00:00,2026-01-20,2026-02-19,21,-0.193878,SPY,0.010183,-0.204061
f4_IMRX_2026-01-16,IMRX,form4_cluster_buy,2026-01-16T00:00:00,2026-01-20,2026-02-19,21,0.098326,SPY,0.010183,0.088143
f4_NEWT_2026-01-16,NEWT,form4_cluster_buy,2026-01-16T00:00:00,2026-01-20,2026-02-19,21,-0.047267,SPY,0.010183,-0.057451
f4_SRZN_2026-01-20,SRZN,form4_cluster_buy,2026-01-20T00:00:00,2026-01-21,2026-02-20,21,0.387063,SPY,0.00588,0.381183
f4_ISBA_2026-01-23,ISBA,form4_cluster_buy,2026-01-23T00:00:00,2026-01-26,2026-02-25,21,-0.016355,SPY,0.000606,-0.016961
f4_NWFL_2026-01-29,NWFL,form4_cluster_buy,2026-01-29T00:00:00,2026-01-30,2026-03-03,21,-0.034834,SPY,-0.016821,-0.018013
f4_THM_2026-01-30,THM,form4_cluster_buy,2026-01-30T00:00:00,2026-02-02,2026-03-04,21,0.345528,SPY,-0.014783,0.360311
f4_CMTV_2026-02-05,CMTV,form4_cluster_buy,2026-02-05T00:00:00,2026-02-06,2026-03-10,21,0.023617,SPY,-0.019461,0.043078
f4_CING_2026-02-10,CING,form4_cluster_buy,2026-02-10T00:00:00,2026-02-11,2026-03-13,21,0.322679,SPY,-0.042878,0.365557
f4_LUCK_2026-02-13,LUCK,form4_cluster_buy,2026-02-13T00:00:00,2026-02-17,2026-03-18,21,-0.03209,SPY,-0.031369,-0.000721
f4_CNVS_2026-02-17,CNVS,form4_cluster_buy,2026-02-17T00:00:00,2026-02-18,2026-03-19,21,-0.191919,SPY,-0.038599,-0.15332
f4_TLSI_2026-02-23,TLSI,form4_cluster_buy,2026-02-23T00:00:00,2026-02-24,2026-03-25,21,-0.246241,SPY,-0.041807,-0.204433
f4_TBI_2026-02-26,TBI,form4_cluster_buy,2026-02-26T00:00:00,2026-02-27,2026-03-30,21,-0.108747,SPY,-0.076232,-0.032516
f4_CTEV_2026-03-02,CTEV,form4_cluster_buy,2026-03-02T00:00:00,2026-03-03,2026-04-01,21,-0.004731,SPY,-0.034249,0.029518
f4_LEE_2026-03-03,LEE,form4_cluster_buy,2026-03-03T00:00:00,2026-03-04,2026-04-02,21,-0.102508,SPY,-0.040151,-0.062357
f4_LAW_2026-03-04,LAW,form4_cluster_buy,2026-03-04T00:00:00,2026-03-05,2026-04-06,21,-0.194444,SPY,-0.030207,-0.164237
f4_SLRC_2026-03-05,SLRC,form4_cluster_buy,2026-03-05T00:00:00,2026-03-06,2026-04-07,21,0.041059,SPY,-0.016895,0.057953
f4_NCDL_2026-03-06,NCDL,form4_cluster_buy,2026-03-06T00:00:00,2026-03-09,2026-04-08,21,0.033548,SPY,-0.00061,0.034159
f4_NMFC_2026-03-06,NMFC,form4_cluster_buy,2026-03-06T00:00:00,2026-03-09,2026-04-08,21,0.042895,SPY,-0.00061,0.043506
f4_LYEL_2026-03-09,LYEL,form4_cluster_buy,2026-03-09T00:00:00,2026-03-10,2026-04-09,21,-0.06945,SPY,0.006773,-0.076223
f4_TKNO_2026-03-09,TKNO,form4_cluster_buy,2026-03-09T00:00:00,2026-03-10,2026-04-09,21,0.081395,SPY,0.006773,0.074622
f4_SSP_2026-03-10,SSP,form4_cluster_buy,2026-03-10T00:00:00,2026-03-11,2026-04-10,21,-0.014388,SPY,0.007372,-0.02176
f4_TCPC_2026-03-10,TCPC,form4_cluster_buy,2026-03-10T00:00:00,2026-03-11,2026-04-10,21,0.068469,SPY,0.007372,0.061097
f4_EML_2026-03-11,EML,form4_cluster_buy,2026-03-11T00:00:00,2026-03-12,2026-04-13,21,0.082604,SPY,0.032901,0.049704
f4_COFS_2026-03-12,COFS,form4_cluster_buy,2026-03-12T00:00:00,2026-03-13,2026-04-14,21,0.114495,SPY,0.051438,0.063058
f4_KRRO_2026-03-12,KRRO,form4_cluster_buy,2026-03-12T00:00:00,2026-03-13,2026-04-14,21,0.088281,SPY,0.051438,0.036844
f4_BWFG_2026-03-13,BWFG,form4_cluster_buy,2026-03-13T00:00:00,2026-03-16,2026-04-15,21,0.115246,SPY,0.049058,0.066187
f4_ADV_2026-03-13,ADV,form4_cluster_buy,2026-03-13T00:00:00,2026-03-16,2026-04-15,21,0.45982,SPY,0.049058,0.410762
f4_AVBC_2026-03-13,AVBC,form4_cluster_buy,2026-03-13T00:00:00,2026-03-16,2026-04-15,21,0.077963,SPY,0.049058,0.028904
f4_ALTG_2026-03-16,ALTG,form4_cluster_buy,2026-03-16T00:00:00,2026-03-17,2026-04-16,21,0.042553,SPY,0.048877,-0.006324
f4_GRNT_2026-03-16,GRNT,form4_cluster_buy,2026-03-16T00:00:00,2026-03-17,2026-04-16,21,0.011299,SPY,0.048877,-0.037578
f4_OSUR_2026-03-16,OSUR,form4_cluster_buy,2026-03-16T00:00:00,2026-03-17,2026-04-16,21,0.077181,SPY,0.048877,0.028304
f4_SENS_2026-03-16,SENS,form4_cluster_buy,2026-03-16T00:00:00,2026-03-17,2026-04-16,21,0.043143,SPY,0.048877,-0.005734
f4_AEYE_2026-03-17,AEYE,form4_cluster_buy,2026-03-17T00:00:00,2026-03-18,2026-04-17,21,0.225862,SPY,0.076576,0.149286
f4_FOA_2026-03-17,FOA,form4_cluster_buy,2026-03-17T00:00:00,2026-03-18,2026-04-17,21,0.331432,SPY,0.076576,0.254856
f4_SCM_2026-03-17,SCM,form4_cluster_buy,2026-03-17T00:00:00,2026-03-18,2026-04-17,21,0.060178,SPY,0.076576,-0.016397
f4_SDHC_2026-03-17,SDHC,form4_cluster_buy,2026-03-17T00:00:00,2026-03-18,2026-04-17,21,0.074683,SPY,0.076576,-0.001893
f4_WHF_2026-03-17,WHF,form4_cluster_buy,2026-03-17T00:00:00,2026-03-18,2026-04-17,21,0.036986,SPY,0.076576,-0.039589
f4_GCBC_2026-03-18,GCBC,form4_cluster_buy,2026-03-18T00:00:00,2026-03-19,2026-04-20,21,0.059116,SPY,0.077077,-0.017962
f4_ARQ_2026-03-19,ARQ,form4_cluster_buy,2026-03-19T00:00:00,2026-03-20,2026-04-21,21,0.115578,SPY,0.085588,0.02999
f4_KLC_2026-03-23,KLC,form4_cluster_buy,2026-03-23T00:00:00,2026-03-24,2026-04-23,21,0.541667,SPY,0.084617,0.45705
f4_INSE_2026-03-27,INSE,form4_cluster_buy,2026-03-27T00:00:00,2026-03-30,2026-04-29,21,0.007194,SPY,0.125971,-0.118777
f4_TGEN_2026-03-27,TGEN,form4_cluster_buy,2026-03-27T00:00:00,2026-03-30,2026-04-29,21,0.642276,SPY,0.125971,0.516305
f4_XZO_2026-03-27,XZO,form4_cluster_buy,2026-03-27T00:00:00,2026-03-30,2026-04-29,21,0.160371,SPY,0.125971,0.034399
f4_LENZ_2026-03-30,LENZ,form4_cluster_buy,2026-03-30T00:00:00,2026-03-31,2026-04-30,21,-0.018579,SPY,0.105053,-0.123632
f4_AFCG_2026-04-01,AFCG,form4_cluster_buy,2026-04-01T00:00:00,2026-04-02,2026-05-04,21,0.042705,SPY,0.094811,-0.052106
f4_LODE_2026-04-02,LODE,form4_cluster_buy,2026-04-02T00:00:00,2026-04-06,2026-05-05,21,-0.080925,SPY,0.098402,-0.179327
f4_NTHI_2026-04-13,NTHI,form4_cluster_buy,2026-04-13T00:00:00,2026-04-14,2026-05-13,21,0.005566,SPY,0.068902,-0.063336
f4_USAU_2026-04-14,USAU,form4_cluster_buy,2026-04-14T00:00:00,2026-04-15,2026-05-14,21,0.004737,SPY,0.068906,-0.064169
f4_TBN_2026-04-15,TBN,form4_cluster_buy,2026-04-15T00:00:00,2026-04-16,2026-05-15,21,-0.027193,SPY,0.053459,-0.080652
f4_PRLD_2026-04-23,PRLD,form4_cluster_buy,2026-04-23T00:00:00,2026-04-24,2026-05-26,21,-0.129787,SPY,0.051335,-0.181122
f4_GAME_2026-04-27,GAME,form4_cluster_buy,2026-04-27T00:00:00,2026-04-28,2026-05-28,21,-0.313333,SPY,0.060293,-0.373626
f4_AVBC_2026-04-30,AVBC,form4_cluster_buy,2026-04-30T00:00:00,2026-05-01,2026-06-02,21,-0.065298,SPY,0.054007,-0.119304
f4_SUNE_2026-05-01,SUNE,form4_cluster_buy,2026-05-01T00:00:00,2026-05-04,2026-06-03,21,-0.146853,SPY,0.050459,-0.197312
f4_ANIK_2026-05-04,ANIK,form4_cluster_buy,2026-05-04T00:00:00,2026-05-05,2026-06-04,21,-0.010702,SPY,0.046037,-0.056739
f4_BWMX_2026-05-04,BWMX,form4_cluster_buy,2026-05-04T00:00:00,2026-05-05,2026-06-04,21,0.072418,SPY,0.046037,0.026381
f4_OFIX_2026-05-08,OFIX,form4_cluster_buy,2026-05-08T00:00:00,2026-05-11,2026-06-10,21,-0.166238,SPY,-0.018761,-0.147477
f4_FTCI_2026-05-12,FTCI,form4_cluster_buy,2026-05-12T00:00:00,2026-05-13,2026-06-12,21,-0.002309,SPY,-0.000754,-0.001555
f4_INFU_2026-05-12,INFU,form4_cluster_buy,2026-05-12T00:00:00,2026-05-13,2026-06-12,21,0.113277,SPY,-0.000754,0.114031
f4_LODE_2026-05-14,LODE,form4_cluster_buy,2026-05-14T00:00:00,2026-05-15,2026-06-16,21,0.234957,SPY,0.015098,0.219859
f4_LTRN_2026-05-14,LTRN,form4_cluster_buy,2026-05-14T00:00:00,2026-05-15,2026-06-16,21,0.245223,SPY,0.015098,0.230125
f4_STRZ_2026-05-14,STRZ,form4_cluster_buy,2026-05-14T00:00:00,2026-05-15,2026-06-16,21,0.206315,SPY,0.015098,0.191217
f4_HDSN_2026-05-15,HDSN,form4_cluster_buy,2026-05-15T00:00:00,2026-05-18,2026-06-17,21,0.137374,SPY,0.003127,0.134246
f4_NCDL_2026-05-15,NCDL,form4_cluster_buy,2026-05-15T00:00:00,2026-05-18,2026-06-17,21,-0.050349,SPY,0.003127,-0.053476
f4_RGR_2026-05-15,RGR,form4_cluster_buy,2026-05-15T00:00:00,2026-05-18,2026-06-17,21,-0.053038,SPY,0.003127,-0.056165
f4_SSP_2026-05-15,SSP,form4_cluster_buy,2026-05-15T00:00:00,2026-05-18,2026-06-17,21,-0.242857,SPY,0.003127,-0.245984
f4_GRNT_2026-05-18,GRNT,form4_cluster_buy,2026-05-18T00:00:00,2026-05-19,2026-06-18,21,-0.165772,SPY,0.020353,-0.186125
f4_TLSI_2026-05-18,TLSI,form4_cluster_buy,2026-05-18T00:00:00,2026-05-19,2026-06-18,21,0.295238,SPY,0.020353,0.274885
f4_AEBI_2026-05-19,AEBI,form4_cluster_buy,2026-05-19T00:00:00,2026-05-20,2026-06-22,21,0.020042,SPY,0.006823,0.013218
f4_CTEV_2026-05-19,CTEV,form4_cluster_buy,2026-05-19T00:00:00,2026-05-20,2026-06-22,21,0.338983,SPY,0.006823,0.33216
f4_LWAY_2026-05-19,LWAY,form4_cluster_buy,2026-05-19T00:00:00,2026-05-20,2026-06-22,21,0.035253,SPY,0.006823,0.028429
f4_KRMD_2026-05-20,KRMD,form4_cluster_buy,2026-05-20T00:00:00,2026-05-21,2026-06-23,21,-0.002415,SPY,-0.009762,0.007346
f4_OBIO_2026-05-20,OBIO,form4_cluster_buy,2026-05-20T00:00:00,2026-05-21,2026-06-23,21,-0.014634,SPY,-0.009762,-0.004873
f4_SWIM_2026-05-21,SWIM,form4_cluster_buy,2026-05-21T00:00:00,2026-05-22,2026-06-24,21,0.159004,SPY,-0.014097,0.173101
f4_WW_2026-05-21,WW,form4_cluster_buy,2026-05-21T00:00:00,2026-05-22,2026-06-24,21,0.372166,SPY,-0.014097,0.386262
f4_BRCB_2026-05-22,BRCB,form4_cluster_buy,2026-05-22T00:00:00,2026-05-26,2026-06-25,21,-0.028264,SPY,-0.019183,-0.009081
f4_CCAP_2026-05-22,CCAP,form4_cluster_buy,2026-05-22T00:00:00,2026-05-26,2026-06-25,21,-0.039441,SPY,-0.019183,-0.020259
f4_ACOG_2026-05-22,ACOG,form4_cluster_buy,2026-05-22T00:00:00,2026-05-26,2026-06-25,21,0.105442,SPY,-0.019183,0.124625
f4_AII_2026-05-27,AII,form4_cluster_buy,2026-05-27T00:00:00,2026-05-28,2026-06-29,21,0.151205,SPY,-0.015493,0.166698
f4_HCWB_2026-05-27,HCWB,form4_cluster_buy,2026-05-27T00:00:00,2026-05-28,2026-06-29,21,-0.580861,SPY,-0.015493,-0.565368
f4_WHF_2026-05-29,WHF,form4_cluster_buy,2026-05-29T00:00:00,2026-06-01,2026-07-01,21,-0.025862,SPY,-0.014315,-0.011547
f4_BOC_2026-06-01,BOC,form4_cluster_buy,2026-06-01T00:00:00,2026-06-02,2026-07-02,21,0.106305,SPY,-0.016945,0.12325
f4_MDWD_2026-06-04,MDWD,form4_cluster_buy,2026-06-04T00:00:00,2026-06-05,2026-07-08,21,0.036671,SPY,0.013247,0.023424
f4_INR_2026-06-08,INR,form4_cluster_buy,2026-06-08T00:00:00,2026-06-09,2026-07-10,21,-0.072848,SPY,0.026925,-0.099772
f4_ARDT_2026-06-08,ARDT,form4_cluster_buy,2026-06-08T00:00:00,2026-06-09,2026-07-10,21,0.071201,SPY,0.026925,0.044276
f4_EML_2026-06-08,EML,form4_cluster_buy,2026-06-08T00:00:00,2026-06-09,2026-07-10,21,0.145183,SPY,0.026925,0.118258
f4_HRZN_2026-06-11,HRZN,form4_cluster_buy,2026-06-11T00:00:00,2026-06-12,2026-07-15,21,0.107675,SPY,0.020229,0.087446
f4_MSIF_2026-06-11,MSIF,form4_cluster_buy,2026-06-11T00:00:00,2026-06-12,2026-07-15,21,-0.041199,SPY,0.020229,-0.061427
f4_BGDE_2026-06-15,BGDE,form4_cluster_buy,2026-06-15T00:00:00,2026-06-16,2026-07-17,21,-0.315348,SPY,-0.006831,-0.308517
f4_KRNY_2026-06-15,KRNY,form4_cluster_buy,2026-06-15T00:00:00,2026-06-16,2026-07-17,21,0.103368,SPY,-0.006831,0.110199
f4_NEWT_2026-06-16,NEWT,form4_cluster_buy,2026-06-16T00:00:00,2026-06-17,2026-07-20,21,0.113418,SPY,0.004105,0.109313
f4_VRA_2026-06-16,VRA,form4_cluster_buy,2026-06-16T00:00:00,2026-06-17,2026-07-20,21,-0.013263,SPY,0.004105,-0.017368
f4_LOVE_2026-06-23,LOVE,form4_cluster_buy,2026-06-23T00:00:00,2026-06-24,2026-07-24,21,0.019339,SPY,0.00776,0.011579
f4_LILA_2026-06-25,LILA,form4_cluster_buy,2026-06-25T00:00:00,2026-06-26,2026-07-28,21,0.164797,SPY,0.016283,0.148514
f4_NVCT_2026-07-01,NVCT,form4_cluster_buy,2026-07-01T00:00:00,2026-07-02,2026-08-03,21,0.10373,SPY,0.017307,0.086423
f4_GRML_2026-07-20,GRML,form4_cluster_buy,2026-07-20T00:00:00,2026-07-21,2026-08-19,21,-0.155102,SPY,0.02777,-0.182872
f4_RBKB_2026-07-23,RBKB,form4_cluster_buy,2026-07-23T00:00:00,2026-07-24,2026-08-24,21,0.037812,SPY,0.03321,0.004602
f4_BYRN_2026-07-28,BYRN,form4_cluster_buy,2026-07-28T00:00:00,2026-07-29,2026-08-27,21,-0.168591,SPY,0.057083,-0.225674
