ticker,description,type,mic,adv,n_bars,last_price
WNW,MEIWU TECHNOLOGY CO LTD,Common Stock,XNAS,250615.99889993668,276,2.440000057220459
AXIN,AXIOM INTELLIGENCE-CL A,Common Stock,XNAS,251109.00044441223,273,10.335000038146973
NSYS,NORTECH SYSTEMS INC,Common Stock,XNAS,252517.49877929688,276,11.550000190734863
GCTK,GLUCOTRACK INC,Common Stock,XNAS,265016.5543138981,275,3.680000066757202
NODK,NI HOLDINGS INC,Common Stock,XNAS,265756.0022830963,276,15.010000228881836
AXG,SOLOWIN HOLDINGS-CL A,Common Stock,XNAS,272560.38234114647,276,2.2200000286102295
MSLE,SATELLOS BIOSCIENCE INC,Common Stock,XNAS,275428.50818634033,276,9.079999923706055
ASBP,ASPIRE BIOPHARMA HOLDINGS IN,Common Stock,XNAS,278475.998878479,276,8.90999984741211
FLL,FULL HOUSE RESORTS INC,Common Stock,XNAS,278671.0084557533,276,2.069999933242798
RFL,RAFAEL HOLDINGS INC-CLASS B,Common Stock,XNYS,279342.9980635643,276,2.440000057220459
BVFL,BV FINANCIAL INC,Common Stock,XNAS,283290.0025367737,276,21.219999313354492
MODD,MODULAR MEDICAL INC,Common Stock,XNAS,298858.9996814728,276,3.555000066757202
PIII,P3 HEALTH PARTNERS INC,Common Stock,XNAS,311089.5127773285,276,8.890000343322754
TNON,TENON MEDICAL INC,Common Stock,XNAS,317130.5416393876,276,4.519999980926514
AIOS,AIOS TECH INC,Common Stock,XNAS,323645.9981918335,276,12.819999694824219
RVSB,RIVERVIEW BANCORP INC,Common Stock,XNAS,327594.5240974426,276,5.150000095367432
NTHI,NEONC TECHNOLOGIES HOLDINGS,Common Stock,XNAS,328974.50065612793,276,4.730000019073486
CNSY,CERENOME INC,Common Stock,XNAS,329406.9993376732,276,2.7100000381469727
PN,PN SMART ENERGY LTD,Common Stock,XNAS,331579.50843572617,276,2.5999999046325684
FINW,FINWISE BANCORP,Common Stock,XNAS,332056.30142593384,276,13.979999542236328
WETO,WETOUR ROBOTICS LTD,Common Stock,XNAS,343047.78942012787,276,5.940000057220459
PFSA,PROFUSA INC,Common Stock,XNAS,348621.307076931,276,2.880000114440918
HSDT,SOLANA CO,Common Stock,XNAS,350851.99617147446,276,2.0899999141693115
APYX,APYX MEDICAL CORP,Common Stock,XNAS,356467.4891114235,276,3.049999952316284
TACO,BERTO ACQUISITION CORP,Common Stock,XNAS,360754.0063858032,276,10.489999771118164
BOLD,BOUNDLESS BIO INC,Common Stock,XNAS,361496.5015530586,276,2.890000104904175
CJMB,CALLAN JMB INC,Common Stock,XNAS,371863.0055308342,276,2.130000114440918
RLYB,RALLYBIO CORP,Common Stock,XNAS,386017.5052642822,276,16.690000534057617
MCRB,SERES THERAPEUTICS INC,Common Stock,XNAS,389554.0012359619,276,5.179999828338623
AIRG,AIRGAIN INC,Common Stock,XNAS,390656.503868103,276,5.019999980926514
LSAK,LESAKA TECHNOLOGIES INC,Common Stock,XNAS,390915.0176048279,276,4.46999979019165
SHPH,SHUTTLE PHARMACEUTICALS HOLD,Common Stock,XNAS,402644.9924707413,276,3.609999895095825
NRDY,NERDY INC,Common Stock,XNYS,403111.6582713127,276,9.779999732971191
NHIC,NEWHOLD INVESTMENT COR III-A,Common Stock,XNAS,403140.00701904297,276,10.609999656677246
SEV,APTERA MOTORS CORP CL B,Common Stock,XNAS,423292.0076787472,220,2.319999933242798
CPIX,CUMBERLAND PHARMACEUTICALS,Common Stock,XNAS,427324.99980926514,276,6.559999942779541
XHLD,TEN HOLDINGS INC,Common Stock,XNAS,427375.9975671768,276,9.420000076293945
LGCY,LEGACY EDUCATION INC,Common Stock,XASE,430368.99585723877,276,10.8100004196167
FDBC,FIDELITY D&D BANCORP INC,Common Stock,XNAS,430582.2721481323,276,53.029998779296875
INVE,IDENTIV INC,Common Stock,XNAS,432458.0093383789,276,2.759999990463257
RSVR,RESERVOIR MEDIA INC,Common Stock,XNAS,434716.9991970062,276,9.630000114440918
CURR,CURRENC GROUP INC,Common Stock,XNAS,440478.50012779236,276,3.359999895095825
OMH,OHMYHOME LTD-A,Common Stock,XNAS,440793.2394102216,275,3.3299999237060547
AKAN,AKANDA CORP,Common Stock,XNAS,455243.50328445435,276,3.700000047683716
PLRZ,POLYRIZON LTD,Common Stock,XNAS,458260.48250198364,276,14.359999656677246
BARK,BARK INC,Common Stock,XNYS,461708.998298645,276,10.800000190734863
PAVS,PARANOVUS ENTERTAINMENT TECH,Common Stock,XNAS,464620.988035202,276,4.800000190734863
ADVB,ADVANCED BIOMED INC,Common Stock,XNAS,466246.0059404373,276,10.4399995803833
SRBK,SR BANCORP INC,Common Stock,XNAS,469318.01109313965,276,19.5
GENC,GENCOR INDUSTRIES INC,Common Stock,XASE,475881.0091972351,276,18.469999313354492
USIO,USIO INC,Common Stock,XNAS,477560.9926521778,276,2.809999942779541
USGO,US GOLDMINING INC,Common Stock,XNAS,481113.5107040405,276,8.449999809265137
ACIU,AC IMMUNE SA,Common Stock,XNAS,489396.5170264244,276,2.680000066757202
DTI,DRILLING TOOLS INTERNATIONAL,Common Stock,XNAS,492866.5107369423,276,2.5899999141693115
WOK,WORK MEDICAL TECHNOLOGY GR-A,Common Stock,XNAS,501028.489536047,276,2.2200000286102295
UP,WHEELS UP EXPERIENCE INC,Common Stock,XNYS,513886.50283813477,276,4.340000152587891
SPAI,SAFE PRO GROUP INC,Common Stock,XNAS,519775.5038022995,276,4.599999904632568
SGC,SUPERIOR GROUP OF COS INC,Common Stock,XNAS,520313.32116127014,276,12.1899995803833
OPHC,OPTIMUMBANK HOLDINGS INC,Common Stock,XASE,525759.8953819275,276,8.949999809265137
BGDE,BIG DIGITAL ENERGY INC,Common Stock,XNAS,531069.9978351593,276,6.21999979019165
FTCI,FTC SOLAR INC,Common Stock,XNAS,548748.0091094971,276,2.299999952316284
SAMG,SILVERCREST ASSET MANAGEME-A,Common Stock,XNAS,559125.9956359863,276,10.170000076293945
ANNA,ALEANNA INC,Common Stock,XNAS,565809.0025901794,276,3.140000104904175
GNLX,GENELUX CORP,Common Stock,XNAS,566538.003206253,276,2.5999999046325684
UFI,UNIFI INC,Common Stock,XNYS,573575.0065803528,276,7.389999866485596
NC,NACCO INDUSTRIES-CL A,Common Stock,XNYS,586384.5178604126,276,42.0
CCLD,CARECLOUD INC,Common Stock,XNAS,590505.4749011993,276,2.259999990463257
VNCE,VINCE HOLDING CORP,Common Stock,XNAS,597719.0011501312,276,6.5
CMT,CORE MOLDING TECHNOLOGIES IN,Common Stock,XASE,602162.0116233826,276,24.719999313354492
PMI,PICARD MEDICAL INC,Common Stock,XASE,602220.3123893738,253,3.859999895095825
INDO,INDONESIA ENERGY CORP LTD,Common Stock,XASE,612663.014960289,276,3.0199999809265137
HURC,HURCO COMPANIES INC,Common Stock,XNAS,621665.9837722778,276,20.850000381469727
AVD,AMERICAN VANGUARD CORP,Common Stock,XNYS,624094.0171480179,276,2.2899999618530273
OM,OUTSET MEDICAL INC,Common Stock,XNAS,624835.0151062012,276,3.640000104904175
WNEB,WESTERN NEW ENGLAND BANCORP,Common Stock,XNAS,626398.7466335297,276,13.539999961853027
JYNT,JOINT CORP/THE,Common Stock,XNAS,626631.001329422,276,8.359999656677246
NXTC,NEXTCURE INC,Common Stock,XNAS,626861.9918823242,276,6.800000190734863
PCYO,PURE CYCLE CORP,Common Stock,XNAS,633727.0211219788,276,11.109999656677246
DHX,DHI GROUP INC,Common Stock,XNYS,638929.5069336891,276,4.46999979019165
ESCA,ESCALADE INC,Common Stock,XNAS,644087.0071411133,276,20.1200008392334
CVV,CVD EQUIPMENT CORP,Common Stock,XNAS,647789.9930477142,276,6.559999942779541
AMCI,AMC ROBOTICS CORP,Common Stock,XNAS,668185.5027675629,276,3.940000057220459
SDHC,SMITH DOUGLAS HOMES CORP,Common Stock,XNYS,673506.0005664825,276,11.40999984741211
PEW,GRABAGUN DIGITAL HOLDINGS IN,Common Stock,XNYS,681129.8132824898,276,2.2699999809265137
ELPW,ELONG POWER HOLDING-A,Common Stock,XNAS,694449.5408703387,276,3.2699999809265137
TCX,TUCOWS INC-CLASS A,Common Stock,XNAS,697867.0081615448,276,10.520000457763672
SSTI,SOUNDTHINKING INC,Common Stock,XNAS,714558.9939832687,276,5.96999979019165
ULH,UNIVERSAL LOGISTICS HOLDINGS,Common Stock,XNAS,715273.5136032104,276,18.40999984741211
PYPD,POLYPID LTD,Common Stock,XNAS,737995.4868793488,276,5.329999923706055
GEOS,GEOSPACE TECHNOLOGIES CORP,Common Stock,XNAS,749208.0147743225,276,5.190000057220459
SPCB,SUPERCOM LTD,Common Stock,XNAS,763912.5215530396,276,10.270000457763672
FTW,EQV VENTURES ACQUISITION C-A,Common Stock,XNYS,771239.3159866333,276,10.789999961853027
CD,CHAINCE DIGITAL HOLDINGS INC,Common Stock,XNAS,788303.2381296158,276,3.0299999713897705
CXAI,CXAPP INC,Common Stock,XNAS,799312.612554431,276,3.5299999713897705
JMSB,JOHN MARSHALL BANCORP INC,Common Stock,XNAS,823194.5713043213,276,22.559999465942383
FLWS,1-800-FLOWERS.COM INC-CL A,Common Stock,XNAS,828779.4943571091,276,3.440000057220459
BXBL,BOXABL INC,Common Stock,XNAS,835870.8819293976,276,4.010000228881836
RTB,RTB DIGITAL INC,Common Stock,XNAS,841139.4916534424,276,12.420000076293945
SNWV,SANUWAVE HEALTH INC,Common Stock,XNAS,861304.0088653564,276,4.599999904632568
CNL,COLLECTIVE MINING LTD,Common Stock,XNAS,872773.0090141296,276,15.09000015258789
ISOU,ISOENERGY LTD,Common Stock,XASE,880828.4704208374,276,10.699999809265137
NOA,NORTH AMERICAN CONSTRUCTION,Common Stock,XNYS,908273.9551067352,276,13.229999542236328
MRDN,MERIDIAN HOLDINGS INC,Common Stock,XNAS,920889.5087718964,276,13.520000457763672
CURI,CURIOSITYSTREAM INC,Common Stock,XNAS,921010.4839920998,276,2.7899999618530273
BWMX,BETTERWARE DE MEXICO SAPI DE,Common Stock,XNYS,937838.3469581604,276,15.869999885559082
SMHI,SEACOR MARINE HOLDINGS INC,Common Stock,XNYS,946203.9757728577,276,9.779999732971191
AUDC,AUDIOCODES LTD,Common Stock,XNAS,953863.4644508362,276,9.989999771118164
NEGG,NEWEGG COMMERCE INC,Common Stock,XNAS,961744.00806427,276,15.850000381469727
STI,SOLIDION TECHNOLOGY INC,Common Stock,XNAS,966594.5155382156,276,7.659999847412109
FNLC,FIRST BANCORP INC/ME,Common Stock,XNAS,973075.4880905151,276,33.95000076293945
BUUU,BUUU GROUP LTD-CL A,Common Stock,XNAS,1001114.1136169434,264,29.100000381469727
OVLY,OAK VALLEY BANCORP,Common Stock,XNAS,1011335.4095458984,276,33.83000183105469
BRBS,BLUE RIDGE BANKSHARES INC,Common Stock,XASE,1012077.0116686821,276,3.9000000953674316
NECB,NORTHEAST COMMUNITY BANCORP,Common Stock,XNAS,1020090.519618988,276,26.200000762939453
CING,CINGULATE INC,Common Stock,XNAS,1026308.5013866425,276,5.110000133514404
SRI,STONERIDGE INC,Common Stock,XNYS,1065765.8497173786,276,7.099999904632568
ARTNA,ARTESIAN RESOURCES CORP-CL A,Common Stock,XNAS,1066842.8113937378,276,35.66999816894531
FBYD,FALCON'S BEYOND GLOBAL INC-A,Common Stock,XNAS,1109745.014333725,276,7.489999771118164
NGEN,NERVGEN PHARMA CORP,Common Stock,XNAS,1123391.4850354195,276,2.319999933242798
CZWI,CITIZENS COMMUNITY BANCORP I,Common Stock,XNAS,1131738.6060714722,276,20.700000762939453
CMTV,COMMUNITY BANCORP INC/VT,Common Stock,XNAS,1146287.9978179932,276,40.220001220703125
CMDB,COSTAMARE BULKERS HOLDING,Common Stock,XNYS,1147594.9933052063,276,20.450000762939453
MAKO,MAKO MINING CORP,Common Stock,XNAS,1167166.5167570114,276,9.569999694824219
VFS,VINFAST AUTO LTD,Common Stock,XNAS,1176742.5067901611,276,3.109999895095825
GCBC,GREENE COUNTY BANCORP INC,Common Stock,XNAS,1181199.6600151062,276,34.279998779296875
PEBK,PEOPLES BANCORP OF NC,Common Stock,XNAS,1196656.004333496,276,43.20000076293945
ELTX,ELICIO THERAPEUTICS INC,Common Stock,XNAS,1203566.9615030289,276,2.559999942779541
DCBO,DOCEBO INC,Common Stock,XNAS,1243768.7573432922,276,25.395000457763672
EDRY,EURODRY LTD,Common Stock,XNAS,1278662.5176429749,276,51.790000915527344
WSBF,WATERSTONE FINANCIAL INC,Common Stock,XNAS,1285125.9839057922,276,20.84000015258789
PLBL,POLIBELI GROUP LTD-A,Common Stock,XNAS,1291333.490395546,268,5.605000019073486
LCUT,LIFETIME BRANDS INC,Common Stock,XNAS,1291904.9747943878,276,8.989999771118164
INFU,INFUSYSTEM HOLDINGS INC,Common Stock,XASE,1302748.0123519897,276,12.100000381469727
ATLO,AMES NATIONAL CORP,Common Stock,XNAS,1305110.534286499,276,31.229999542236328
TTGT,TECHTARGET INC,Common Stock,XNAS,1308511.499762535,276,3.7699999809265137
FHTX,FOGHORN THERAPEUTICS INC,Common Stock,XNAS,1317118.9673900604,276,5.690000057220459
ASTI,ASCENT SOLAR TECHNOLOGIES,Common Stock,XNAS,1332321.5043187141,276,2.809999942779541
NKLR,TERRA INNOVATUM GLOBAL NV,Common Stock,XNAS,1356735.0273132324,228,5.025000095367432
SND,SMART SAND INC,Common Stock,XNAS,1362738.971400261,276,5.210000038146973
CPSH,CPS TECHNOLOGIES CORP,Common Stock,XNAS,1432475.9874343872,276,3.6700000762939453
MPAA,MOTORCAR PARTS OF AMERICA IN,Common Stock,XNAS,1446696.9905853271,276,11.600000381469727
ASIC,ATEGRITY SPECIALTY HOLDINGS,Common Stock,XNYS,1466433.0041885376,276,26.260000228881836
SKYH,SKY HARBOUR GROUP CORP,Common Stock,XNYS,1473110.994386673,276,10.319999694824219
NCMI,NATIONAL CINEMEDIA INC,Common Stock,XNAS,1473348.5035538673,276,2.5299999713897705
RCEL,AVITA MEDICAL INC,Common Stock,XNAS,1473559.9859952927,276,10.069999694824219
CZNC,CITIZENS & NORTHERN CORP,Common Stock,XNAS,1518835.5332374573,276,25.31999969482422
WYY,WIDEPOINT CORP,Common Stock,XASE,1529631.9794654846,276,10.229999542236328
WTBA,WEST BANCORPORATION,Common Stock,XNAS,1577102.3212432861,276,28.079999923706055
RAIL,FREIGHTCAR AMERICA INC,Common Stock,XNAS,1578284.0196609497,276,6.690000057220459
AFYA,AFYA LTD-CLASS A,Common Stock,XNAS,1616463.9862060547,276,14.579999923706055
FRBA,FIRST BANK/HAMILTON NJ,Common Stock,XNAS,1628480.3451538086,276,17.700000762939453
BCML,BAYCOM CORP,Common Stock,XNAS,1644018.0450439453,276,29.850000381469727
PRPO,PRECIPIO INC,Common Stock,XNAS,1652518.0355072021,276,27.764999389648438
MYFW,FIRST WESTERN FINANCIAL INC,Common Stock,XNAS,1704261.9609832764,276,30.43000030517578
RGP,RESOURCES CONNECTION INC,Common Stock,XNAS,1709787.5244379044,276,4.139999866485596
EPRX,EUPRAXIA PHARMACEUTICALS INC,Common Stock,XNAS,1728308.9895486832,276,6.340000152587891
MRBK,MERIDIAN CORP,Common Stock,XNAS,1767167.5429344177,276,19.06999969482422
LZM,LIFEZONE METALS LTD,Common Stock,XNYS,1816049.9954223633,276,4.28000020980835
RMNI,RIMINI STREET INC,Common Stock,XNAS,1823486.5492343903,276,5.199999809265137
GBFH,GBANK FINANCIAL HOLDINGS INC,Common Stock,XNAS,1835383.4738731384,276,19.43000030517578
OSUR,ORASURE TECHNOLOGIES INC,Common Stock,XNAS,1874942.4676656723,276,3.5299999713897705
KINS,KINGSTONE COS INC,Common Stock,XNAS,1879900.0257492065,276,19.600000381469727
BWEN,BROADWIND INC,Common Stock,XNAS,1906562.9396915436,276,4.15500020980835
RRGB,RED ROBIN GOURMET BURGERS,Common Stock,XNAS,1927614.0758514404,276,8.460000038146973
SIGA,SIGA TECHNOLOGIES INC,Common Stock,XNAS,1934005.0037622452,276,3.240000009536743
LYEL,LYELL IMMUNOPHARMA INC,Common Stock,XNAS,1956100.5432128906,276,14.524999618530273
THM,INTL TOWER HILL MINES LTD,Common Stock,XASE,1957075.0137805939,276,2.4000000953674316
QTRX,QUANTERIX CORP,Common Stock,XNAS,2029477.990913391,276,2.509999990463257
CBNK,CAPITAL BANCORP INC/MD,Common Stock,XNAS,2083615.071296692,276,35.95000076293945
GLSI,GREENWICH LIFESCIENCES INC,Common Stock,XNAS,2114449.9611854553,276,15.010000228881836
VFF,VILLAGE FARMS INTERNATIONAL,Common Stock,XNAS,2162403.472507,276,2.8399999141693115
SI,SHOULDER INNOVATIONS INC,Common Stock,XNYS,2165935.504627228,274,20.540000915527344
TWIN,TWIN DISC INC,Common Stock,XNAS,2205664.016723633,276,22.420000076293945
OPRT,OPORTUN FINANCIAL CORP,Common Stock,XNAS,2213281.5065145493,276,7.130000114440918
ISBA,ISABELLA BANK CORP,Common Stock,XNAS,2223421.399307251,276,38.54999923706055
EFSI,EAGLE FINANCIAL SERVICES INC,Common Stock,XNAS,2229742.4417495728,276,40.970001220703125
BNAI,BRAND ENGAGEMENT NETWORK INC,Common Stock,XNAS,2240101.4535427094,276,11.130000114440918
COSO,COASTAL SOUTH BANCSHARES INC,Common Stock,XNYS,2248686.9594573975,276,27.190000534057617
GLRE,GREENLIGHT CAPITAL RE LTD-A,Common Stock,XNAS,2268450.0341415405,276,15.260000228881836
BSRR,SIERRA BANCORP,Common Stock,XNAS,2298518.6138153076,276,39.41999816894531
KROS,KEROS THERAPEUTICS INC,Common Stock,XNAS,2313294.921398163,276,11.069999694824219
DTIL,PRECISION BIOSCIENCES INC,Common Stock,XNAS,2337414.4303798676,276,7.639999866485596
DFDV,DEFI DEVELOPMENT CORP,Common Stock,XNAS,2361841.027367115,276,5.159999847412109
ELA,ENVELA CORP,Common Stock,XASE,2391185.9746932983,276,13.819999694824219
CCAP,CRESCENT CAPITAL BDC INC,Common Stock,XNAS,2397627.6366233826,276,10.479999542236328
ZSQR,Z SQUARED INC,Common Stock,XNAS,2408354.082775116,276,2.9100000858306885
NPCE,NEUROPACE INC,Common Stock,XNAS,2492854.9342155457,276,14.739999771118164
MTRX,MATRIX SERVICE CO,Common Stock,XNAS,2507946.023082733,276,10.699999809265137
IMUX,IMMUNIC INC,Common Stock,XNAS,2523120.075559616,276,14.579999923706055
CWCO,CONSOLIDATED WATER CO-ORD SH,Common Stock,XNAS,2558876.466655731,276,28.920000076293945
FRD,FRIEDMAN INDUSTRIES,Common Stock,XNAS,2576385.4988098145,276,43.95000076293945
HVT,HAVERTY FURNITURE,Common Stock,XNYS,2618967.0497894287,276,27.190000534057617
DSP,VIANT TECHNOLOGY INC-A,Common Stock,XNAS,2646208.984375,276,12.630000114440918
ACCO,ACCO BRANDS CORP,Common Stock,XNYS,2765051.065325737,276,4.25
XPER,XPERI INC,Common Stock,XNYS,2773292.0375585556,276,5.800000190734863
SPRB,SPRUCE BIOSCIENCES INC,Common Stock,XNAS,2857701.034927368,276,55.599998474121094
HDSN,HUDSON TECHNOLOGIES INC,Common Stock,XNAS,2866028.018474579,276,5.139999866485596
MGPI,MGP INGREDIENTS INC,Common Stock,XNAS,2876009.3415260315,276,16.469999313354492
NCI,NEO-CONCEPT INTL GROUP HLD-A,Common Stock,XNAS,2880785.0044727325,276,12.989999771118164
GAIN,GLADSTONE INVESTMENT CORP,Common Stock,XNAS,2895719.167470932,276,16.3700008392334
NSLR,NEOSTELLAR CAPITAL CORP,Common Stock,XNAS,2911738.4372234344,276,9.899999618530273
NUS,NU SKIN ENTERPRISES INC - A,Common Stock,XNYS,2926025.8130550385,276,4.570000171661377
PXED,PHOENIX EDUCATION PARTNERS I,Common Stock,XNYS,2941498.6110687256,225,29.1200008392334
ELMD,ELECTROMED INC,Common Stock,XASE,3019809.9937438965,276,27.100000381469727
CTEV,CLARITEV CORP,Common Stock,XNYS,3054064.0563964844,276,39.349998474121094
WBTN,WEBTOON ENTERTAINMENT INC,Common Stock,XNAS,3066993.5497283936,276,10.319999694824219
RELL,RICHARDSON ELEC LTD,Common Stock,XNAS,3109903.0150413513,276,16.690000534057617
NRXP,NRX PHARMACEUTICALS INC,Common Stock,XNAS,3115643.977224827,276,3.440000057220459
NEWT,NEWTEKONE INC,Common Stock,XNAS,3154272.459411621,276,11.65999984741211
IBEX,IBEX LTD,Common Stock,XNAS,3185559.9266052246,276,38.25
AROW,ARROW FINANCIAL CORP,Common Stock,XNAS,3200556.0064315796,276,37.38999938964844
OFIX,ORTHOFIX MEDICAL INC,Common Stock,XNAS,3241016.5380954742,276,9.430000305175781
OEC,ORION SA,Common Stock,XNYS,3292623.1764554977,276,5.869999885559082
SCZM,SANTACRUZ SILVER MINING LTD,Common Stock,XNAS,3345601.497030258,276,9.199999809265137
LWAY,LIFEWAY FOODS INC,Common Stock,XNAS,3373168.511581421,276,25.90999984741211
BNED,BARNES & NOBLE EDUCATION INC,Common Stock,XNYS,3403643.877220154,276,11.789999961853027
ESEA,EUROSEAS LTD,Common Stock,XNAS,3436897.929382324,276,76.7300033569336
RFIL,RF INDUSTRIES LTD,Common Stock,XNAS,3457240.486097336,276,10.0600004196167
CBIO,CRESCENT BIOPHARMA INC,Common Stock,XNAS,3488401.893043518,276,17.93000030517578
TITN,TITAN MACHINERY INC,Common Stock,XNAS,3495622.0438957214,276,20.540000915527344
TASK,TASKUS INC-A,Common Stock,XNAS,3505401.9567489624,276,7.760000228881836
BHB,BAR HARBOR BANKSHARES,Common Stock,XASE,3508323.0073928833,276,38.849998474121094
MTA,METALLA ROYALTY & STREAMING,Common Stock,XASE,3515521.067905426,276,9.869999885559082
CLMB,CLIMB GLOBAL SOLUTIONS INC,Common Stock,XNAS,3529753.4319877625,276,27.989999771118164
FOR,FORESTAR GROUP INC,Common Stock,XNYS,3559130.01203537,276,27.520000457763672
FFAI,FARADAY FUTURE INTELLIGENT E,Common Stock,XNAS,3601596.487670392,276,2.109999895095825
BCAL,CALIFORNIA BANCORP,Common Stock,XNAS,3675050.0133514404,276,21.09000015258789
ATOM,ATOMERA INC,Common Stock,XNAS,3732113.9684438705,276,3.940000057220459
GIC,GLOBAL INDUSTRIAL CO,Common Stock,XNYS,3732676.510620117,276,38.65999984741211
MLR,MILLER INDUSTRIES INC/TENN,Common Stock,XNYS,3750751.985168457,276,54.5
NRIM,NORTHRIM BANCORP INC,Common Stock,XNAS,3771792.002105713,276,25.3799991607666
TIPT,TIPTREE INC,Common Stock,XNAS,3775550.0286102295,276,18.31999969482422
OVID,OVID THERAPEUTICS INC,Common Stock,XNAS,3831484.0721488,276,2.759999990463257
INR,INFINITY NATURAL RESOUR-CL A,Common Stock,XNYS,3867563.054418564,276,15.609999656677246
ZUMZ,ZUMIEZ INC,Common Stock,XNAS,3882455.849456787,276,17.81999969482422
ZNTL,ZENTALIS PHARMACEUTICALS INC,Common Stock,XNAS,3886476.0344982147,276,3.7100000381469727
NMFC,NEW MOUNTAIN FINANCE CORP,Common Stock,XNAS,3936435.957288742,276,7.480000019073486
STRZ,STARZ ENTERTAINMENT CORP,Common Stock,XNAS,3999737.8828048706,276,26.520000457763672
LENZ,LENZ THERAPEUTICS INC,Common Stock,XNAS,4000087.8670215607,276,5.230000019073486
DOMO,DOMO INC - CLASS B,Common Stock,XNAS,4020922.472202778,276,3.680000066757202
GSIT,GSI TECHNOLOGY INC,Common Stock,XNAS,4172814.0978097916,276,5.340000152587891
CUE,CUE BIOPHARMA INC,Common Stock,XNAS,4185595.733833313,276,28.440000534057617
SLRC,SLR INVESTMENT CORP,Common Stock,XNAS,4211033.427400589,276,12.645000457763672
NEXN,NEXXEN INTERNATIONAL LTD,Common Stock,XNAS,4236377.444791794,276,9.600000381469727
BWFG,BANKWELL FINANCIAL GROUP INC,Common Stock,XNAS,4248566.384887695,276,65.45999908447266
CPS,COOPER-STANDARD HOLDING,Common Stock,XNYS,4318877.460289001,276,25.25
BCSF,BAIN CAPITAL SPECIALTY FINAN,Common Stock,XNYS,4337804.4942855835,276,11.899999618530273
PRTA,PROTHENA CORP PLC,Common Stock,XNAS,4374635.12840271,276,9.609999656677246
LILA,LIBERTY LATIN AMERIC-CL A,Common Stock,XNAS,4420725.4422187805,276,8.5600004196167
CMCL,CALEDONIA MINING CORP PLC,Common Stock,XASE,4429829.446983337,276,25.06999969482422
ARDT,ARDENT HEALTH INC,Common Stock,XNYS,4514845.477581024,276,10.9399995803833
ATS,ATS CORP,Common Stock,XNYS,4525883.035945892,276,18.489999771118164
PDEX,PRO-DEX INC,Common Stock,XNAS,4553477.996826172,276,61.400001525878906
TBN,TAMBORAN RESOURCES CORP,Common Stock,XNYS,4576757.0063591,276,39.83000183105469
QUIK,QUICKLOGIC CORP,Common Stock,XNAS,4631451.515674591,276,10.5600004196167
ZURA,ZURA BIO LTD,Common Stock,XNAS,4634131.534576416,276,5.650000095367432
RXST,RXSIGHT INC,Common Stock,XNAS,4666987.643289566,276,6.989999771118164
ANGX,ANGEL STUDIOS INC,Common Stock,XNYS,4688305.547237396,245,4.340000152587891
KBDC,KAYNE ANDERSON BDC INC,Common Stock,XNYS,4695388.566446304,276,13.5
IMXI,INTERNATIONAL MONEY EXPRESS,Common Stock,XNAS,4753186.567163467,276,14.40999984741211
DSGR,DISTRIBUTION SOLUTIONS GROUP,Common Stock,XNAS,4764856.953048706,276,34.70000076293945
CTNM,CONTINEUM THERAPEUTICS INC-A,Common Stock,XNAS,4769729.903411865,276,16.549999237060547
NXDR,NEXTDOOR HOLDINGS INC,Common Stock,XNYS,4771672.566549301,276,2.200000047683716
RBB,RBB BANCORP,Common Stock,XNAS,4786524.846839905,276,25.8700008392334
ORRF,ORRSTOWN FINL SERVICES INC,Common Stock,XNAS,4792317.48085022,276,41.279998779296875
CGNT,COGNYTE SOFTWARE LTD,Common Stock,XNAS,4829633.876895905,276,8.4399995803833
CAAP,CORP AMERICA AIRPORTS SA,Common Stock,XNYS,4865345.22151947,276,23.09000015258789
FWDI,FORWARD INDUSTRIES INC,Common Stock,XNAS,4891184.007644653,276,6.210000038146973
CAC,CAMDEN NATIONAL CORP,Common Stock,XNAS,4896093.014144897,276,56.16999816894531
AREC,AMERICAN RESOURCES CORP,Common Stock,XNAS,4905027.965807915,276,2.309999942779541
FATE,FATE THERAPEUTICS INC,Common Stock,XNAS,4916288.909196854,276,2.430000066757202
EOLS,EVOLUS INC,Common Stock,XNAS,4955290.5208826065,276,9.079999923706055
