date,ticker,intraday_mom,overnight_gap,vwap_dev,intraday_range,close_to_high,attn_ret20,attn_rsi20,attn_vol20,xs_mom_5d,insider_net_buy,patent_velocity,target
2026-08-26,AAPL,-0.003595836237191548,0.00662525920757071,-0.004556258847503389,0.01092309993294688,0.8879036396208241,-0.0036542848148063104,-0.011436036727097039,0.34222322475474326,0.09644829129622946,-1.0,,
2026-08-26,MSFT,0.008557465010776725,-0.00030003005982985793,-0.0006521310354270667,0.017944403702712674,0.37335678416510504,0.013761770312353495,0.3719353421705267,0.5520886054128171,0.1105425123955724,-1.0,,
2026-08-26,NVDA,-0.03212925068281273,0.002933666509022119,-0.005348836054270167,0.03943202991442825,0.8673952025780296,0.0021255253231099278,0.09420373080860613,0.40352691369151217,-1.3699539590222927,0.0,,
2026-08-26,GOOGL,0.012936011089582769,-0.0037257282831238497,-0.0027476357507497016,0.026144935262156044,0.3890116670970425,0.004241876499656623,-0.030773651707856908,0.46218305361949324,0.034808557441607296,0.0,,
2026-08-26,AMZN,0.008792823437534696,0.004239306429174263,0.0005429255269765638,0.016295893928544976,0.3020154373927959,0.007311120141615249,0.10430873174788215,0.5586557392068192,-0.11171878152701167,-1.0,,
2026-08-26,META,0.016248640936129738,0.0005274300824941937,0.005992620674997985,0.0270415186197938,0.15079160039721304,-0.0037393783387230234,-0.13771179648399742,0.49625864360650546,-0.4477471529405464,-1.0,,
2026-08-26,TSLA,-0.035411188828178994,-0.003113990486131692,-0.013285259989511961,0.04292996034831354,0.9546065712702501,0.00789861708838923,-0.18577232343375974,0.6213665231274709,0.308932437591358,0.0,,
2026-08-26,AVGO,-0.01614414092925744,-0.010308058147807945,-0.006716561640480692,0.02045906383899574,0.9925036483907582,-0.0014239206957000362,0.026686730845289358,0.4320172107428654,-1.5731794700348676,0.0,,
2026-08-26,ORCL,-0.01846742534422702,-0.009385986182668423,-0.001971587224970374,0.02716929971114997,0.6925054411254455,0.013386110514525765,0.0035362691614146896,0.6349802408845576,-0.6314766911697401,0.0,,
2026-08-26,ADBE,0.004327281605113636,-0.0011259945564736484,-0.0010104813883256467,0.020837122386547734,0.4882702301410542,0.010745041188435613,0.23301448176916387,0.5518760817999493,1.282033633667076,-1.0,,
2026-08-26,CRM,0.0030707196779152343,-0.0034902976277415665,-0.005921950886326528,0.027647559776120732,0.7110729201315741,0.012956119936409386,0.23718490539507966,0.5028228701781409,1.4010006164259752,0.0,,
2026-08-26,NOW,-0.00019518096063350163,-0.003463092017266537,-0.004016124562837098,0.01999529472000366,0.8281238824118446,0.014126073650766874,0.2227380798365684,0.6265689011414872,1.2891112298329086,-1.0,,
2026-08-26,SNOW,-0.028450946449206448,-0.0019531067317488278,-0.008015266456927413,0.03201111305083659,0.914810646010405,0.011446696800178669,0.4565539846864061,0.3540832145450123,-0.5254606652571643,-1.0,,
2026-08-26,PLTR,-0.008819399652414324,-0.01383797632199589,-0.0004605161928722739,0.04230038191869226,0.38508125712691865,0.026164194186806013,0.25495013084575574,0.9696379010447979,0.15926764429942383,-1.0,,
2026-08-26,NET,-0.02864571936810117,-0.01484380060445739,-0.012152265352708708,0.034928551451552,0.9749877711761169,0.006564867718899259,0.22428432003452528,0.47438438698570173,-1.5902950099024566,-1.0,,
2026-08-26,DDOG,-0.03325125615072476,-0.008891440727096014,-0.009380690221457383,0.03924521981720408,0.9898424004863523,-0.0016685873994212906,0.03535463681277666,0.7045517893513168,-1.5951801387404552,-1.0,,
2026-08-26,ZS,-0.02210985972441614,-0.009628081276896072,-0.004193666201165563,0.03345907553391026,0.928690601408312,0.012927612879877643,0.2986557386994482,0.4810064507632018,-0.9081804897420397,0.0,,
2026-08-26,CRWD,0.006173481123730243,-0.012659508801328496,0.0004108723047995934,0.03642304670058398,0.6746085623081807,0.0029000882542677656,0.15080883138542972,0.5497569030671419,-1.948098881202163,-1.0,,
2026-08-26,PANW,-0.009403374591050843,-0.010395420308102598,-0.0006712465190339957,0.03085346394532447,0.6532153239290477,0.005633823518581201,0.18860077640135128,0.48627418015748775,-1.2496179551922124,0.0,,
2026-08-26,SHOP,0.008652828935525209,-0.00539141845116799,-0.0006295857178141046,0.0322451568699138,0.38095463750122416,0.01664801255246784,0.23674670670810197,0.7545157682061735,-0.03217865655142189,1.0,,
2026-08-26,WDAY,-0.002954413354565744,-0.0012503125972275631,-0.0049929678842096075,0.021364527036166266,0.8580365373785346,0.022744253782817192,0.32792172911605455,0.7619712967003253,0.5271863372295628,0.0,,
2026-08-26,TEAM,0.007117686552159926,-0.009612548529884737,-0.004473618879843843,0.030337637123889937,0.5822162684598459,0.04386298723015079,0.4170443793171794,1.1476965664689343,1.1919608419892886,-1.0,,
2026-08-26,INTU,0.009359545568139338,-0.0015257541902739364,-0.0009989555988899309,0.021303068431565587,0.3908648707263799,0.011429270471743243,0.2688615628375957,0.4844085634989823,1.5251854231287745,0.0,,
2026-08-26,CDNS,0.004546876552563593,-0.01385931657354557,0.00563405781572905,0.018675004061862406,0.23728734657142414,-0.0009699235829371431,-0.22448726088230797,0.41507805693450284,-0.5441752769190287,-1.0,,
2026-08-26,SNPS,-0.0015688907277685395,-0.006810563771046456,0.006971506741702388,0.01997061470670741,0.17893436401096774,0.00350992443418099,-0.09812716222720774,0.40556174819574725,-0.9056048966850756,0.0,,
2026-08-26,FTNT,-0.004225103216220014,-0.00560187979688477,-0.0027009837516090806,0.022711570591786863,0.5322213530272294,0.0007057129448316695,0.05974907073311203,0.3732252458172917,-0.5676818973869683,-1.0,,
2026-08-26,ANET,0.011666656822286627,-0.014099457280163364,-0.00011111889138644757,0.022585959724483858,0.48941219554227944,0.005026902049298952,0.13619490265208237,0.606074687751679,-1.2740337826973358,-1.0,,
2026-08-26,ACN,0.010127789879598203,-0.003346621696918072,0.0020907589059638407,0.02493168887580985,0.33763531894087806,0.012349883757408597,0.304228311134325,0.5210906058165719,1.4444539891717187,-1.0,,
2026-08-26,IBM,-0.004952879724283759,-0.014640964849678846,-0.004764941824168723,0.01739960348545518,0.8582110796910288,0.0054435149939760785,-0.06581369208861111,0.7070732184048298,-0.0019768772178778743,0.0,,
2026-08-26,CSCO,0.002500695851835037,-0.009636164319182699,-0.0013061837091376837,0.01741573877374536,0.5078121895588458,-0.0012549437898035191,0.026061557831814647,0.365626443616724,-0.5492598036436269,-1.0,,
2026-08-26,IT,0.03259316498569508,0.002399311971859456,0.0062829601119482725,0.04118172385940812,0.032335817377098314,0.020734168447379523,0.2946244041209943,0.8759023567589355,2.0092791505224175,-1.0,,
2026-08-26,TYL,0.00744613327955604,0.006698036376326223,-0.002077017312078639,0.02546159092961591,0.4602665067805631,0.008966327149731538,0.12163970018854058,0.5195457455940282,1.6555670182627975,0.0,,
2026-08-26,ROP,0.003599010227958937,0.005757585912286004,-0.00034580893120731744,0.016053367312102676,0.48875610235950273,0.005984060444534728,0.2748633910589267,0.4363339982340834,0.9310680803390826,0.0,,
2026-08-26,PYPL,0.0011363587103598138,0.0007310237790954714,-0.0024290212426344463,0.011512876691314466,0.7183137941780122,0.004826264584688997,0.4637950307713025,0.4955017670300948,0.17002952075688113,-1.0,,
2026-08-26,COIN,-0.048834109628619504,0.011389521826386506,-0.028130585781633983,0.07420505904709698,0.927545729297225,0.009701381824407669,-0.04480926086464852,0.6999167817038845,3.0062554464099787,-1.0,,
2026-08-26,AFRM,-0.00661429508008036,0.0060043811521040165,-0.004724988928967049,0.028344821237471663,0.8348621284607873,0.005476304276779773,-0.01564790976998412,0.47758911258232756,0.36212036065036773,-1.0,,
2026-08-26,HOOD,-0.02822053284158814,-0.013640342580868159,-0.02276116724083307,0.05774240735401487,0.9147866191778866,0.008161237124857482,-0.08568503272747124,0.6093637804132519,1.101887588947682,-1.0,,
2026-08-26,JPM,0.010246135253206416,0.003355731491490991,7.15703945174041e-07,0.015332593917992023,0.3385191844848864,-0.00021472726109749275,0.24600406368240013,0.20282654243250475,-0.3682211545547524,-1.0,,
2026-08-26,V,0.024594096435740575,0.005983185558369103,0.004379894325246773,0.029313600271437593,0.08786123391188833,0.0022653342344327535,0.19103341224836248,0.1992211531800243,0.9225136866166727,-1.0,,
2026-08-26,MA,0.025350456563835472,0.007543668698368674,0.005139685896770129,0.026297122954043274,0.010141697428396752,0.003785127385311681,0.28040453175607244,0.22820148172565466,0.9421032743105996,-1.0,,
2026-08-26,BAC,0.012014964712347115,-0.00170191332775283,-5.562058424960004e-05,0.01989407712726437,0.346771960696245,-0.00027482073058639336,0.28074227972338284,0.1791358208321384,-0.5619077183925424,0.0,,
2026-08-26,GS,-0.0023868916927333975,-0.000394487417096279,0.0010927918909546942,0.01658428306481131,0.6311816503337594,-0.0008159610433966305,-0.056531077715600085,0.42978163442684775,-0.3951720971353723,-1.0,,
2026-08-26,MS,-0.001678794097430256,0.0010970827400982423,-0.0025900717465032544,0.014399270360750472,0.7210141519940996,0.00037085007266047555,-0.007775162992978217,0.3161544087016925,-0.4714562883659256,-1.0,,
2026-08-26,BLK,0.011701407436488601,0.002456717837640571,0.0031311265922803816,0.015238068861023827,0.11363092838450027,0.004743797064169838,0.2668552100630097,0.309259690949515,0.20660215148565986,0.0,,
2026-08-26,AXP,0.00038551948977491,0.003840111252486202,-0.008014981952463156,0.020394263401025032,0.9665681943187665,0.0015945958139450662,-0.02846866516042756,0.2862466228980985,-0.10475348961655441,-1.0,,
2026-08-26,WFC,0.006115383737317258,0.004472805538882432,-0.0011238842167643913,0.019591686490515573,0.5722860557036492,-0.0011199686327477345,0.06766654877747931,0.24268032184422858,-0.6903627529464735,0.0,,
2026-08-26,C,0.0024737391682452723,-0.002164530007387771,-0.0011670530421951557,0.012337711010297221,0.5692232572115384,0.00017449280114013638,0.0035279702257376144,0.3251169872350394,-0.9672739134499067,0.0,,
2026-08-26,SCHW,0.0067322361621002715,0.005253751752960348,0.0012984001507173927,0.017773837359838826,0.4356429286348271,0.005078236101296946,0.392191694218412,0.1948131359594243,0.29775772574726866,-1.0,,
2026-08-26,PGR,0.016016328843252214,0.005015918054807092,0.002594305057797501,0.020809614625106537,0.17165862779191265,0.0014429891809582562,-0.016384515221691102,0.37901263881688635,1.4633052900620942,-1.0,,
2026-08-26,CB,0.008426681596812561,0.005718253522215787,0.00011282122175498981,0.01225970992374091,0.22169760394999172,-0.002657528701040726,0.0006728182883758401,0.2712875439311553,0.08058387504252526,-1.0,,
2026-08-26,COF,-0.012329385539540218,0.004817853721186906,-0.007298974986564949,0.024873964543085356,0.9702623212123103,0.003975093050787679,0.23080310988367855,0.29466178078384475,-0.545009576106355,-1.0,,
2026-08-26,USB,0.0022479028964749455,0.0036257912015887532,-0.0004558448049464345,0.01553991107269388,0.5463937391851502,-0.0015125042673377542,0.1540137628854041,0.1933042616259339,-0.7818667146206253,0.0,,
2026-08-26,TFC,0.0016751888384096848,0.006346757658523299,-0.0014432208357501768,0.018002969046574883,0.6174842200932202,-0.0007825123736427955,0.08871670246458818,0.20437032154633578,-0.6990831051326859,-1.0,,
2026-08-26,PNC,-0.000697113788730534,0.0034152237798776358,-0.0006824727216384897,0.020312679628424164,0.6848487837658714,-0.0015869599322798147,0.12607112943717952,0.14776275483908696,-0.8631703674720143,-1.0,,
2026-08-26,ICE,0.008790925398851127,0.0016121690329758062,0.004822384954477326,0.01500455422657228,0.032720691484382315,0.005162813076635307,0.3212963228691547,0.2400908095943396,0.7670967732353693,0.0,,
2026-08-26,CME,0.01104598857193382,0.0041456981791889395,0.003083223827253278,0.020166939900477084,0.1083454391708766,0.0038090186661821806,0.23450417227046663,0.2618318661550168,0.5347203895143869,0.0,,
2026-08-26,SPGI,0.007848093610504574,0.002111181431118909,0.0010725105453386304,0.017273829827101874,0.4893614430939675,0.0007337444984293638,-0.027366740562132195,0.32326031429739116,0.839233421717251,0.0,,
2026-08-26,MCO,0.012950511970142327,0.0033179295338776776,0.00445995229600923,0.01776986391298535,0.11221005771148287,0.003509899809541362,0.043336422276444575,0.27738208509115386,1.0204870303078344,-1.0,,
2026-08-26,AON,0.0020919335685112925,0.009602669039941067,-0.00018027688237383602,0.014557327765356709,0.4694095473721678,-0.0006717021326376569,0.04284190293134369,0.28427981451309087,0.40405402350598574,-1.0,,
2026-08-26,TRV,0.012902876499287303,0.006133481128463833,1.1850164105154384e-05,0.021118348622870913,0.2709265275399849,-0.0031274720452585947,0.2104291071653778,0.3579672568062418,0.11335879226719292,0.0,,
2026-08-26,ALL,0.01608995999558552,0.009023892688570689,0.0025076993033379563,0.01927517407030937,0.047860428887861156,-0.0009690553483688055,0.17597346242437348,0.3339451330905056,-0.02622674135493415,-1.0,,
2026-08-26,MET,0.014124552536063907,0.005404855160360396,0.003385601421169964,0.014551438621833645,0.04285558583106267,0.00018413252109394153,0.26191285799596536,0.21152923606034096,-0.23972830901460385,0.0,,
2026-08-26,PRU,0.012628962113302585,0.0,0.004461104932477972,0.01344963744517772,0.07272887006459548,0.0005352637918072347,0.28757978177488647,0.19808169510347828,-0.40961984761762815,-1.0,,
2026-08-26,AIG,0.011638542898407635,0.004466097196265054,8.358850643979327e-05,0.017192371000016766,0.3308284478505788,-0.001856860930762364,-0.0436311757661684,0.22747264725029664,0.18155812803637947,-1.0,,
2026-08-26,HIG,0.011864824327338222,0.009330719761706841,-8.646124681056171e-06,0.015322564622637211,0.23474292755263593,-0.0015234227661394615,0.05281393445032332,0.21734542987703323,0.11392357053747985,0.0,,
2026-08-26,AFL,0.009566066789131437,0.008788594639991964,0.0015838950196456704,0.01032149959561626,0.0819721339770368,-0.0036681666821418045,0.026269338087515193,0.17228988210229385,-0.4571515262533816,-1.0,,
2026-08-26,UNH,0.019767748311774077,0.002743819578094112,0.00333223174093627,0.021879719703877625,0.09283665617348723,-0.0037031049898457223,-0.12328450253646785,0.24899218121325176,-0.02887389559264117,-1.0,,
2026-08-26,LLY,-0.011385420753964596,0.005873582411493017,0.0029315544930260816,0.024996644404294693,0.46072349701967447,0.0029279103916367176,0.08582972794393462,0.34161597070272925,0.7283406027770375,-1.0,,
2026-08-26,JNJ,0.012382280932792086,-0.002145668371294782,0.0018467840381688604,0.019811058767126886,0.16636299534621352,0.0013519586431291646,0.15789597735602776,0.24181803004498217,0.5103706819453456,-1.0,,
2026-08-26,ABBV,0.0021592005201132337,-0.0036609346768777394,0.00031635023434542465,0.015004091542584226,0.3727166492404207,0.0012263716532571072,0.10963380635990774,0.25667331289155226,0.7742579558371838,0.0,,
2026-08-26,MRK,0.0008301511043228964,-0.012817162831578301,0.00018128725264584131,0.015792998878625796,0.3445401856695902,0.008773628879885765,0.2634362187717221,0.2824007796797244,1.6203116555467976,-1.0,,
2026-08-26,TMO,-0.0018730042472718254,0.001414720270160928,0.007371711364217749,0.022311677639800565,0.0841047905754607,0.005351453847845865,0.37692729124675645,0.36129262574998494,1.0567717526028264,-1.0,,
2026-08-26,ABT,0.0033109919184056325,-0.003000930141159175,-0.00016369873336297716,0.013028728677308952,0.4440769165131582,0.006325126903181764,0.4158537792555628,0.3707877018602001,0.7807748790210627,-1.0,,
2026-08-26,DHR,-0.01447352006415778,-0.002512806284211671,-0.0029627398674108474,0.0207277570898907,0.7107632830408156,0.007065021382343699,0.15503591568787542,0.4958891394377308,0.8550674707068787,-1.0,,
2026-08-26,PFE,-0.00444839851612351,0.0010687811532480917,-0.00041652135504472815,0.01237175509548436,0.5232563266025924,0.006903464902288891,0.3223380529669528,0.18913387167494536,0.5148188259204189,0.5,,
2026-08-26,AMGN,0.007880814062690818,0.002093772911276425,0.004193913601077851,0.023344867682319286,0.20173738349691878,0.008487543201028876,0.40791086220455175,0.28471127327524703,0.9031587097599252,-1.0,,
2026-08-26,CVS,0.010198571472682796,0.0015052078962796102,0.008522956570971423,0.01753455422565901,0.05454780851624597,-0.007298119499666568,-0.16384336180577014,0.27809130597259263,-0.1421114149398852,0.0,,
2026-08-26,CI,0.006965647098425021,0.0037119746955308597,0.005264862526315418,0.017008448292484723,0.26834246084553176,-0.0019724323074351412,-0.06448352529085087,0.33546813770189576,0.1467345982490652,-1.0,,
2026-08-26,HUM,0.01608451016915765,0.004779754921310131,0.005522306237755141,0.02736612475288978,0.3062396520194066,-0.001077610681167888,-0.027263610122224946,0.40370713531019264,-0.061037046028143666,0.0,,
2026-08-26,BSX,-0.025452427335290264,-0.0018854303695641887,-0.0024755291243084066,0.03285045226463897,0.8509330603811852,0.006710998123074879,0.2582767091152514,0.3043192935624035,-0.9348608048844914,1.0,,
2026-08-26,MDT,-0.0055656281854641046,0.0008570094521947525,-0.0025659741038206825,0.015014575583639216,0.8172013607079182,0.0059140335547108215,0.3062484766119612,0.2785528461826436,0.25860700399463366,0.0,,
2026-08-26,SYK,-0.0065151330196496215,0.002369232660241617,-0.003922086060366925,0.02397433340013659,0.8931300377393654,8.17980616620334e-05,0.10539321135779839,0.4447293097010145,-0.351865311031288,-1.0,,
2026-08-26,ISRG,-0.015159504837997757,0.000949979810110343,-0.007180710764359843,0.028322813326202897,0.9933859267057992,0.00629853669782664,-0.0016004268896179495,0.6136571193617384,-0.8670440951414686,-1.0,,
2026-08-26,VRTX,-0.002568321441515156,0.0016420507527977557,-0.000627960856742508,0.014965317183314352,0.3679087191938451,0.007340142256656328,0.17861009125268618,0.28851808038350973,0.8642479142543263,0.0,,
2026-08-26,REGN,-0.007338009627773992,0.0008213301406133594,0.001444973463844532,0.013637939694994383,0.5420359837743534,0.012591264291763936,0.5138206805474849,0.33137634084794004,0.32152541444551896,-1.0,,
2026-08-26,BMY,-0.001706073226795344,0.005744586026778015,0.004098235054666759,0.014192328994816797,0.1204163803984853,0.003935918701881502,0.28355090170754405,0.2793840669824644,0.5158874821919254,0.0,,
2026-08-26,GILD,0.0034873802494473855,0.0008213138515390367,0.004229532335160055,0.015298196769857325,0.037864730950390474,0.0063593623486846475,0.15409852463694382,0.2992254313712814,0.7677720363924384,-1.0,,
2026-08-26,ELV,0.003913494912608757,0.0015479357225348265,0.0008867213073069213,0.021527494463886597,0.4901970446817647,0.003092147141320371,-0.0022820530805545535,0.3905643425493243,0.36344447722954776,0.0,,
2026-08-26,MCK,0.014742257581730447,0.002140416004398695,0.004638306374594138,0.018177259525131297,0.09251292530594372,0.0014668880205341468,0.16690168979783357,0.3715342541736639,0.10609775807596816,-1.0,,
2026-08-26,COR,0.018913579630362377,-0.0013513707925516356,0.005440396808971776,0.02140406125006421,0.11688288811971007,0.0015598293876746207,0.18122901966723814,0.297421043157786,0.4334302168145391,-1.0,,
2026-08-26,A,-0.023674671323771043,-0.011325664606558832,-0.002724973285217737,0.03575386532440517,0.7739279206598695,0.007145495371748903,0.35181531080839257,0.27108598953471685,0.39304844373547493,0.0,,
2026-08-26,IQV,0.013356149325918136,-0.012231211951331509,0.0017748147937215908,0.02340152100065388,0.2692958169951017,0.012647663572266042,0.35177717458836955,0.5650691871394043,1.137938752471444,-1.0,,
2026-08-26,MTD,0.003695800791002461,-0.0012686038568356926,-0.0018859144164450952,0.02389833382747504,0.6124163218499947,0.0026806987241752016,0.3118374276247016,0.2756939056476243,-0.3750163127446203,-1.0,,
2026-08-26,WAT,0.010579376710114326,-0.010299942885431564,0.005077465222093777,0.02337189556546713,0.04687624176264333,0.004975660013739951,0.23072322761628106,0.31761459636522127,-0.038013743572088386,-1.0,,
2026-08-26,ZBH,-0.0037011448986330416,0.0035161033012424962,-0.001912642084994724,0.014166133136846223,0.8216802804202035,0.005248994530662723,0.2094764762267127,0.3383139223561892,0.3067685582783403,0.0,,
2026-08-26,RMD,0.006406907911424513,-0.0020735948522482093,0.0008137980836150091,0.018754304415341514,0.17201832454319882,0.009086826557916977,0.21170475050872203,0.40500883930342896,0.7933490798704131,-1.0,,
2026-08-26,DXCM,-0.01236441895207863,-0.0014080459247729981,-0.006973045258948428,0.017131535256081565,0.9807699831761806,0.013922719274392717,0.2996334911945353,0.5464664112170491,0.2672757724079154,-1.0,,
2026-08-26,IDXX,0.0006618875083855098,0.0037708304792174697,0.0036496272587822494,0.01412307503624225,0.35696184928225966,0.0013246513727464613,0.04815497489040499,0.3106940199955472,0.2452345436804655,0.0,,
2026-08-26,EW,0.006953329088792196,0.001169562913358018,-5.504101648035732e-05,0.018230046259367208,0.3636351025805825,0.00431712158910571,0.0912782708985873,0.2384546621175004,-0.21587700645597488,-1.0,,
2026-08-26,PODD,-0.0358243498213546,0.01832475884707987,-0.008197804283049372,0.04509519147278414,0.957317243368472,-0.005222984967042366,-0.06619421440812537,0.6391037291002148,0.5149358105446014,0.0,,
2026-08-26,ALGN,-0.01590139803423536,-0.0018456047131680954,-0.0060678461343645915,0.023360654915223267,0.8391443614005375,-0.0011082206076934436,-0.0478221130725482,0.394295071378873,-1.268501363738089,0.0,,
2026-08-26,BAX,0.004740234964802294,0.0013290964867122218,0.00570539212998004,0.02056992108061825,0.2110087248063779,0.00908359037647219,0.3113943817238785,0.5156066823530817,0.20916236678762445,0.0,,
2026-08-26,HD,0.004584996196660112,0.0005213455788485871,-0.00036972389463811936,0.020909270399099036,0.6803469083201765,0.0005359830456472821,0.04836907908913661,0.2764950538356871,-0.18157871147406957,-1.0,,
2026-08-26,NKE,-0.005853699474799924,0.00601150596156998,-0.0048233815116677835,0.01631503785357196,0.8721820038319011,-0.000977332681463626,-0.09873087617992961,0.32249480857544677,0.5399978923237198,-1.0,,
2026-08-26,LOW,-0.0015874898219153776,0.0057152141759512325,7.358326689092003e-05,0.02014015329534787,0.6498866941580276,0.0021895551294879873,0.06108313915058126,0.3148577605789937,-0.07031736432566255,0.0,,
2026-08-26,TJX,-0.0033996438787389383,0.0047679913789799005,0.004821600015297758,0.014355796859342079,0.23762114470891277,-0.004417710675052665,-0.03894629169759658,0.20996102949530956,-1.2670781827757887,0.0,,
2026-08-26,ROST,0.014386235831822409,-0.00349506802171473,0.01468530294968731,0.026666676776009316,0.05434875323419863,0.0002161217548372128,0.2078846607678475,0.23940441301715795,0.2773106621484247,0.0,,
2026-08-26,SBUX,0.002611441672347323,0.0014945233117701622,0.0032438180535181533,0.01972095578215843,0.14151069013542159,0.0022300823098997643,0.08567767179149502,0.2079003879470015,-0.2252800409198074,-1.0,,
2026-08-26,CMG,0.041643848157908815,-0.01030371629906936,0.00524249901475235,0.046291481195158087,0.051136388266352244,0.00866962571988518,0.044138461727814146,0.628248651222232,1.919274845244542,-1.0,,
2026-08-26,MCD,0.0014330871107270608,0.004465901838691387,0.0010321678889738317,0.010379492241890822,0.31108474027725336,0.0012151820305111374,-0.011232184092126736,0.22210552673026512,0.27530814889791005,0.0,,
2026-08-26,COST,0.019950019847737033,0.005086756866728851,0.00428721688956612,0.02379056606026105,0.13477837144011684,0.0007273639271113349,0.0431873362180723,0.201955901681861,0.14965080252970597,0.0,,
2026-08-26,TGT,0.023493939135448044,0.0035668721650949095,0.0007001736754259099,0.029635102077620268,0.16881936152545352,0.010289104877058782,0.3630095382631526,0.27416233067459495,1.90016315127322,-1.0,,
2026-08-26,GM,-0.010916523286570253,5.691570991589663e-05,0.0024887571173430926,0.0294320241410945,0.5039041079560356,0.0034005369093945536,0.21911940156603812,0.3552314533782723,0.3500245389994895,-1.0,,
2026-08-26,F,-0.03266158831239348,-0.0013878906524032461,-0.00034725592724262067,0.04454022141960724,0.7741929529607747,0.0009635113254844872,0.033298028601832355,0.28322340777057214,-0.3003485943414633,0.0,,
2026-08-26,UBER,0.0036708976649030855,0.002601711223028911,0.005877249867294918,0.020430015340577073,0.14192056442307238,0.009488277478635676,0.06939945939724021,0.41987597888436134,0.7850639374605746,0.0,,
2026-08-26,BKNG,0.011952211706655492,0.005820061297211111,-0.000967307009360859,0.019966299931751676,0.39671327869791967,0.009102609355463715,0.31138006337116714,0.44906117094119335,0.5323257909532849,-1.0,,
2026-08-26,ABNB,0.006243347490906085,0.008914739511140432,-0.005029102932450456,0.02588546392080128,0.6648327635318805,0.016561844879578024,0.3581502275546283,0.5221068399741016,0.843813649280765,-1.0,,
2026-08-26,MAR,0.005301174289419645,0.005752661339135635,0.0021760005663849355,0.017040329346931785,0.5024280651526674,-0.002249197809414621,-0.10013940486341168,0.3273684674250919,0.04190754550994012,0.0,,
2026-08-26,HLT,0.006952911337933119,0.0037958270471243807,0.0014449134295019448,0.016005461740551796,0.4910121896996749,0.0004860790900111926,-0.06583435119265464,0.25443153521545986,0.047504533230095305,0.0,,
2026-08-26,LVS,-0.0006382718999335107,-0.0007441234724280558,0.0005610954102477262,0.024696610970084718,0.23275904593093424,0.0015193812831723421,-0.007485400023973542,0.2571891788511562,0.3988428142551323,0.0,,
2026-08-26,MGM,-0.009183646106802877,0.00753936515664095,-0.002759961526986327,0.015219153682843824,0.9172928880373553,-0.0019356813944668232,-0.15774002878605056,0.2050288416879887,-0.19350450147464254,0.0,,
2026-08-26,DG,0.014160867244462515,0.0014586734436792723,0.00615377900979178,0.019947338733546094,0.067999267578125,0.002830555922054184,0.08651214607997637,0.3722323288550079,0.5606700813069402,0.0,,
2026-08-26,DLTR,0.03944658275976124,0.00045633655151352783,0.009979441108093056,0.0402164391701923,0.056365966796875,0.004557006314542598,0.1775774426545672,0.30744857161885175,0.7573448433842904,0.0,,
2026-08-26,YUM,0.02075763409590984,0.00763116520234945,0.003334454814879104,0.024752187705601177,0.17715062504162374,0.0016796670662340375,-0.08088645233874026,0.29638094814393745,1.226344914929745,-1.0,,
2026-08-26,DPZ,0.03354746751458899,-0.012196498931259936,0.009894865136925642,0.03310317067724614,0.019472630561439278,0.0016525071796352389,0.1866791405060501,0.37873804562868923,0.5078756218862165,0.0,,
2026-08-26,APTV,-0.01476711464497769,-0.004039351396388558,-0.002701576086478362,0.0251192626432414,0.73955918890759,-0.007943353442217225,-0.25642180207932636,0.5743792062110334,-1.0485813103464412,1.0,,
2026-08-26,CCL,-0.012864860984760257,0.012441742251785303,-0.0033212266034515375,0.03404007012631983,0.8171430315290179,-0.0006150316505382239,0.04852946294422678,0.37953774755428715,-1.3597709146166304,0.0,,
2026-08-26,RCL,-0.009395061969042861,0.013633804760478525,0.0015432566800346822,0.03208583152280968,0.6103127038155901,4.198857471664186e-05,0.10124013026393382,0.35767060595840683,-0.6394941835097446,-1.0,,
2026-08-26,EXPE,0.048400569472837704,0.005656845008213936,0.008392372709278225,0.051708407731983666,0.10718380655275067,0.01131633703751121,0.35690761385851844,0.44684873781126594,0.9074965281352427,-1.0,,
2026-08-26,NCLH,-0.014592335482042928,0.013337171994394197,-0.00011988717392155797,0.03977929693708818,0.7226295257798556,-0.005250406626004928,-0.05897888058465992,0.5719524655055777,-1.029609974546823,0.0,,
2026-08-26,WMT,0.02235415266389549,0.004734859771430101,0.010958904721977,0.02436161002987938,0.028862324038902543,-0.0026780242004645566,-0.040291541290268504,0.23466394077333477,-1.2526544002641187,-1.0,,
2026-08-26,PG,0.009363815470356567,0.0038012512438828803,0.003794657406561449,0.012251058487373196,0.10913060839570785,-0.0008967926040653257,-0.06655175505392057,0.1942998148462593,0.24096198964237556,-1.0,,
2026-08-26,KO,-0.0016283274143136283,0.011252006280734915,6.240120647425222e-05,0.011308045033419352,0.499996332025089,0.005348390354227864,0.24645754974738973,0.2752411989691308,0.7893204753782441,-1.0,,
2026-08-26,PEP,-0.0015872678249629192,0.00996660145770998,-0.002372378465564405,0.01050586874909563,0.8026381833878772,0.002533605210201223,0.02937877225844301,0.23378551015925841,0.6066752471352762,0.0,,
2026-08-26,MDLZ,0.0006185166079142752,0.0030250110183304307,-0.0037147966308135995,0.019397176392789078,0.6733092191252014,0.0033416042952123495,0.12556410391140307,0.3022234587802458,0.5080583575825037,0.0,,
2026-08-26,CL,0.006882664937843648,0.008864889439523833,0.004744284899948057,0.010688408366295374,0.010113399676000926,0.0002730013398878938,0.02036929961124819,0.234201868674194,0.26772056372759784,-1.0,,
2026-08-26,MO,0.025003715317468596,0.010591687341876778,0.004250480259104166,0.0296524457469914,0.1330066108682825,-0.005043743673024981,-0.18416596792388204,0.38257601993856377,1.0020714189311626,0.0,,
2026-08-26,PM,0.006465494596420521,0.01035643038166099,5.2380214068011333e-05,0.022457284236803144,0.46512750267922415,-0.0011879390787604433,0.05268068341920457,0.31661007949273673,0.4600113988613482,0.0,,
2026-08-26,EL,0.021683664876144353,-0.00019623574633947737,0.006259189618127188,0.0284260711796958,0.015204627114188064,0.014146931541617749,0.16582261419967323,0.3407054227601491,3.7061757428241338,-1.0,,
2026-08-26,CHD,0.028602955555790368,0.008553076940779156,0.006379598574925058,0.0284905671754096,0.023972513260000522,0.0008199531799016373,0.10842061993849411,0.2293179616046971,0.6054354109305322,-1.0,,
2026-08-26,CLX,-0.00027989157689362634,0.004781120699212171,-0.008466639320733856,0.022398520687834586,0.9458313332676358,0.006528936421075778,0.23620465739932775,0.3385024465045351,0.03164511118969706,0.0,,
2026-08-26,GIS,0.010563674148448894,0.013063203452627995,0.0021168158900949233,0.022357901475572466,0.15300528222595586,0.0054182291331593,0.13853491199571083,0.35794481396819666,1.1156883051795534,0.0,,
2026-08-26,TSN,-0.01815405021640673,0.007865921478683128,-0.005165543238133125,0.023328189281761773,0.9444439734949632,0.0012001085354186984,0.019979823180130595,0.2979031519525154,-0.36764850601257315,0.0,,
2026-08-26,STZ,0.00975933257240927,0.004644341401837894,-0.003614302968722269,0.019693274057541635,0.4760137836285627,0.0025117326705958436,-0.01768124407016914,0.27592897041330333,0.7287291579066423,0.0,,
2026-08-26,SJM,0.00720001220703125,0.005469757937942559,0.0008466020446448265,0.013104863572307904,0.1939506880733945,0.003111374168304393,0.1643901509775675,0.3279405655592276,0.9645254231036755,0.0,,
2026-08-26,HRL,0.0010390531623103779,0.007326742113610579,0.0018948897299422653,0.013701471299569288,0.3939427217293298,-0.002833577130423589,-0.013591863397541003,0.22504746549811058,-0.1116238020028422,0.0,,
2026-08-26,CAG,0.013994612537808966,-0.0006081014939138818,0.0004324540030767011,0.018001867862464892,0.23333142599197645,0.006162981787759759,0.22198398885552828,0.35783900196400065,1.0383615729916,0.0,,
2026-08-26,HSY,0.01032026005691647,0.008178884350156287,0.0018600735714761078,0.01711246857273518,0.10153902493990384,0.003921434031459778,0.13825268124190257,0.26245667712458454,0.6483785074058794,-1.0,,
2026-08-26,AMD,-0.02396344737930974,-0.010100463027994448,-0.0020400058215480493,0.03713108754614694,0.6709485988203244,-0.0032706409494201788,-0.07466164171582268,0.825759933305106,-1.763192191353831,-1.0,,
2026-08-26,INTC,-0.016040375116797075,-0.015295301458513917,0.005933131221431093,0.04320426518641611,0.43766569123855087,0.00045662188546113816,-0.11136561458302469,0.8264498689632163,-2.7433741175557014,1.0,,
2026-08-26,QCOM,-0.005332439631575854,-0.008459819960330564,0.0029929913545888214,0.024377106023222808,0.39844687638178256,-0.0013714969888968887,-0.1836795638272449,0.468805902643691,-0.530422000010509,-1.0,,
2026-08-26,AMAT,0.0050324000891699095,-0.02139477992680764,0.00706808369731089,0.033181864983879185,0.3385196199635004,-0.002294624090021434,-0.08234538092554715,0.8575303621966118,-1.7170105974717402,0.0,,
2026-08-26,MU,-0.026090599748982948,-0.0329961888305536,0.004806670877987876,0.0536505081458534,0.532705550703069,0.005153471167271678,-0.024343554506019778,1.0471905545789812,-1.8095088061996616,-1.0,,
2026-08-26,TXN,-0.012916801260284638,-0.006811685120033112,0.0011897063714264927,0.031310851681458966,0.5265920223932821,-0.002223484800760886,-0.11832001925422748,0.3821357767833356,-1.5555164244450392,0.0,,
2026-08-26,LRCX,0.009520669655331415,-0.02204357131151371,0.015113087297014277,0.043978768069845554,0.09310983631498403,0.004111998489909443,-0.06028427208208826,0.9035017203621913,-1.7729353818026345,-1.0,,
2026-08-26,KLAC,0.008620681617431602,-0.02194932815234184,0.009364201414986091,0.0349172771687137,0.19212848196621884,-0.006115748216520475,-0.1375713122431935,0.7223657631088923,-2.096518001537913,-1.0,,
2026-08-26,ADI,-0.0017745849598857807,-0.0032160744670792604,0.007931261721808067,0.028686078802852143,0.16337945836282414,0.0004992808883992169,-0.06479476075003743,0.35062018158496755,-0.9663368684738762,-1.0,,
2026-08-26,MRVL,0.0003054687903728917,-0.033736768166278776,0.010082051587937416,0.04921418899634914,0.22163332832818614,0.012650790006861458,-0.0253542661282756,0.9448268411839178,-0.5139855152722466,-1.0,,
2026-08-26,ASML,-0.012264603225408649,-0.0010319017513262117,-0.0007705030700190291,0.019771677445732168,0.628014062372511,0.0007082368552820317,-0.0091904669627337,0.4970682776065684,-1.410632534993092,0.0,,
2026-08-26,TSM,-0.008006186336823186,-0.013175842870061044,0.0034782119238365617,0.02240808190485885,0.4591947877717193,0.0023011724917892853,-0.021056554717960963,0.45157958641917223,-0.9566897524282586,1.0,,
2026-08-26,ON,-0.020958095334409493,-0.00997032944757099,0.0011020692099897402,0.03600227800095871,0.6061765598258497,-0.007445914660139288,-0.2024818432611606,0.5967805758743322,-2.42204937343505,0.0,,
2026-08-26,MCHP,-0.007621335577572906,-0.017343314731818413,0.004981993458961995,0.03321212512453532,0.40973651549244333,4.853138498547681e-05,-0.1281732004560766,0.6484906380147584,-1.3098804977659035,-1.0,,
2026-08-26,ENPH,-0.022087830122286982,-0.014766832055870888,-0.00462668073772757,0.037913414882448544,0.8865249186333102,0.0034869148243987184,-0.12372402381975799,0.6527798736883871,-0.7862450246924294,-1.0,,
2026-08-26,FSLR,-0.020933190854879328,-0.006396167428786857,-0.0070102606305674255,0.022700601644374034,0.9545431083984438,0.0036650033553613146,-0.030738422282984103,0.5051070431126571,-0.8811082851607511,-1.0,,
2026-08-26,TER,0.01352597083704367,-0.042471149639128535,0.01254416630571183,0.05154528475754407,0.15417375799650532,0.005963214430141084,0.04001016915540566,0.9353632352261052,-3.068453364097163,-1.0,,
2026-08-26,SWKS,0.003978073979531942,-0.007893347319894524,0.0048934813819941254,0.02594188176149129,0.19308382693736836,0.006361016901907461,0.09123261660247642,0.5222719222374598,-0.3712614983243519,0.0,,
2026-08-26,MPWR,-0.00963939689856012,-0.013935484780502898,0.005394214779602969,0.03896393384579265,0.40634970932712583,-1.5840043958017928e-05,-0.028764191965926902,0.5975059330075494,-1.683361790812566,-1.0,,
2026-08-26,NXPI,-0.003136889838172725,-0.010421313097630266,0.005756170947526277,0.027399421462438855,0.2666119236334687,-0.008561504219095933,-0.2831362871462549,0.4789755708235723,-0.8873953904411064,0.0,,
2026-08-26,XOM,0.0012205541770365972,-0.007510177993944726,0.0025003191391210753,0.01810203625354941,0.38720317300479856,0.003101122196099866,0.2874532668729282,0.2520552189104449,0.10464299483555535,0.0,,
2026-08-26,CVX,-0.0029458970399207597,-0.0077946415463210576,-0.0006013490729605421,0.01748167096921372,0.6281672705703344,0.0032634700244524102,0.2344138305154645,0.2607305349437901,0.016120270633241417,-1.0,,
2026-08-26,COP,-0.005518608804420531,-0.005960241902725585,-0.0038576397543211493,0.020247559680914535,0.8444401745145467,0.006354811297919443,0.23930137308313598,0.31256645905848873,0.5881772679455928,-1.0,,
2026-08-26,SLB,0.007180196641173931,-0.0046408020225897776,0.011847368419628593,0.028978772257315363,0.05111698821464699,0.00172777060911732,0.15022202203181542,0.47997556381218004,-0.1168119004417593,0.0,,
2026-08-26,EOG,-0.012946055361819414,-0.005814709289458416,-0.0016351798948364374,0.02972700684827064,0.7110874929088437,0.0025462569164178815,0.12098549398760666,0.3874920350104772,0.2980388696206145,0.0,,
2026-08-26,HAL,-0.012546296850236964,-0.007078142756514093,0.0027802041033912,0.03075364117414241,0.5915474796101482,0.003275810681964023,-0.08886483591585954,0.3607334638589934,-0.20707298428563614,-1.0,,
2026-08-26,OXY,-0.01459015392866291,-0.004812760873770142,-0.0004673507459043558,0.030610549557556044,0.6086950211985197,0.0037454112518510354,0.14979738046066862,0.3742564278583298,0.13894747009255978,0.0,,
2026-08-26,PSX,0.003566987094900046,-0.00718563325749336,0.0015507971306909902,0.026843258955882892,0.6220163700265002,0.008733838116875104,0.388102195841666,0.3279993351207861,0.024889182385601873,-1.0,,
2026-08-26,MPC,0.008171667272726193,-0.0030481215047445664,0.004772829011588139,0.02627370629473004,0.501573913071324,0.008418999337437793,0.3327932040071858,0.3745503334134162,0.08564698283237014,-1.0,,
2026-08-26,VLO,-0.0005776525834837545,-0.00750994683938763,-0.0030669631961270124,0.026672478866984276,0.7529798412294304,0.007742535705065038,0.31833115457890265,0.3612379567480012,-0.21610487243618084,0.0,,
2026-08-26,DVN,-0.01360198248781622,-0.0042769672301179295,0.0001180024049291128,0.03193358526815681,0.5811702225161691,0.00478243609120886,0.10866062156597286,0.3725366192196335,0.06894448438966712,0.0,,
2026-08-26,APA,0.0006987835798654362,-0.01082952083360801,0.009417420396299983,0.03878027005855063,0.3037217332368592,0.010074099407121069,0.23548043612871106,0.4550796755550108,0.3871560373298574,0.0,,
2026-08-26,KMI,0.004374602275171439,-0.0038734323324042036,0.003838396820175206,0.02016454212218883,0.2239990234375,-0.002401485105777726,-0.03813693543288806,0.2018108858231806,-0.8373945033920513,-1.0,,
2026-08-26,WMB,0.008241003888736583,-0.0018437793061092393,0.003946642869678312,0.02663471553034453,0.28042272510757854,-0.002304894139554178,-0.07331699485406215,0.2711667946793135,-0.7159085327407319,-1.0,,
2026-08-26,BKR,-0.002574414215347788,-0.0030477803375670515,0.0030519979349771407,0.02161473010940655,0.358159238824072,0.0048116585492637325,0.22299811250429377,0.3411336236298203,-0.8983506715016625,0.0,,
2026-08-26,LNG,0.00945330852086655,0.0025946925872713245,0.0052567488851797605,0.019619747320448157,0.05263303646594887,0.00182012779358799,0.10581177868983954,0.35516835365211646,0.695814366985442,0.0,,
2026-08-26,FANG,-0.01767542595842696,-0.006502112657951462,0.0024478843047934643,0.039123658891756175,0.7116211495020266,0.0021073355786268852,0.11418517265034318,0.3969041068497108,-0.21474104179781836,-1.0,,
2026-08-26,BA,-0.011368966278334332,-0.006302255082410352,0.0025093092684535614,0.021906484303691954,0.6225585113249327,0.0017348579743594163,0.06920071731822072,0.4124810608329033,-1.2890866748897376,0.0,,
2026-08-26,CAT,-0.014544491239457401,-0.005930709064977411,0.00198613591172868,0.026485142106806327,0.6959946352663045,-0.0032749344350699126,-0.15583863990598604,0.42997589647728296,-1.4794765809858528,0.0,,
2026-08-26,DE,-0.006462040372891694,0.008587134315054082,-0.006053334385939966,0.023012498180901758,0.7957274076254246,0.00200982864926012,0.05227972987911116,0.32333300156506783,1.1783226712040984,0.0,,
2026-08-26,HON,-0.007303664853146941,0.0019452464537150073,0.00082761747089612,0.018114083304532888,0.5758369780532293,-0.005741428509807322,0.031902218279671074,0.3303431067152732,-1.2136982206799694,-1.0,,
2026-08-26,GE,-0.013791508207977398,-0.005152384222679285,-0.0024909976881503297,0.023258482040421663,0.8402525863227194,-0.0006722558503833042,0.09783330132463335,0.3011109334686428,-1.3900406296272894,-1.0,,
2026-08-26,RTX,-0.00366668701171875,0.00038110628693080196,0.00033553959644648523,0.015023230947097297,0.5279174757281554,-0.00043910030500508715,0.3960237170783604,0.30628087579770596,-1.0828488840756705,-1.0,,
2026-08-26,LMT,0.0011180210875110913,-0.00019514443395443842,0.0009029057653034894,0.015900538219002096,0.3756974497155766,-0.0015608138906013217,0.2802791769282296,0.416588219017428,-0.9809770274342685,-1.0,,
2026-08-26,NOC,-0.006509901602056962,0.0035933004220688016,-0.00014562641747360274,0.01183108793439221,0.5538423978365384,0.0009064997806254951,0.2000492161137325,0.2513693940786844,-0.7640890435254969,-1.0,,
2026-08-26,UPS,0.004007781236403382,0.002892072018853554,0.0032581935798202304,0.00978480442387523,0.13930325597637538,-0.005091016993883875,-0.14889420582837912,0.35801286210394095,-0.04659290620549634,0.0,,
2026-08-26,FDX,0.028030724158653847,-0.00018457379881981674,0.010935541852523014,0.030139797568823713,0.025820216138241196,0.0017409330268196366,0.06609619615884821,0.22847318409601539,-0.03240363716272201,0.0,,
2026-08-26,MMM,0.0007826441515369681,-0.00044703748353451723,0.00029193252614457963,0.011842309939564049,0.6273562837832974,0.0019384955402929618,0.32704579703146075,0.31713483092252165,-0.1977022688935416,-1.0,,
2026-08-26,EMR,0.0012709678670467547,0.0006357909455723947,0.001979054102101685,0.01266100796125854,0.3157850455852659,0.003427237478819831,0.26724306770800577,0.3222163733667886,-0.6151031107887408,-1.0,,
2026-08-26,ETN,-0.015702187603835502,-0.00956487773460043,-0.0013235555817925444,0.027011540469821824,0.8405799505189977,0.002772753131219621,0.10023817645063267,0.5182728991630722,-1.8501977710944026,-0.3333333333333333,,
2026-08-26,ITW,0.00010566298795366695,0.005720930790683012,0.001313878380150964,0.013312667277577114,0.5925902004634153,-3.95560157029828e-06,0.2015093148513004,0.2653853195227309,-0.3506061809069755,-1.0,,
2026-08-26,PH,0.008594418776369005,0.0038999891817474343,0.005103872993339019,0.015155853337170178,0.10952203373692813,0.0011010040392469013,0.2250387493300925,0.28150447642651877,-0.7775156658396382,-1.0,,
2026-08-26,CMI,-0.025860294166577938,-0.0011911046324509077,-0.001479173714998505,0.03289496225676585,0.8447643121132574,-0.005790277921271608,-0.14352860217805075,0.36049332724433697,-1.8918482728046508,-1.0,,
2026-08-26,PCAR,-0.011862197732147733,0.0028978083571568874,-0.001890440450876868,0.024855681442036034,0.7678015504461903,-0.0001732480514546476,0.15250690241028186,0.2927756441346708,-0.2729614651633425,-1.0,,
2026-08-26,GWW,0.006728416093275813,0.0010978007781951972,0.0011217996540259611,0.024153933608956152,0.3574989486561915,-0.002501731010366156,-0.07749072130120035,0.2435777271475234,-0.10687318983237896,0.0,,
2026-08-26,CTAS,0.009886999351657554,0.007310040130397779,0.002233263400566306,0.014371814033375795,0.05368746063687614,-0.0003295689110343581,0.19792533102517273,0.33016637882103983,0.6382174929070547,0.0,,
2026-08-26,EXPD,-0.002707839634450156,0.003302765358809951,0.0032376461713637997,0.019299366260244928,0.4068940261314655,0.0038465214479750766,0.1788512559468113,0.3018029720763767,-0.1981396971469036,0.0,,
2026-08-26,NSC,0.003311282691597929,0.0030219163320509574,0.0036873625329000015,0.013456281436577002,0.2621042351973684,0.0002654357505802161,0.1606560712924564,0.2538195478210828,0.4131686791394065,0.0,,
2026-08-26,UNP,0.004473273526134522,0.0012982599433963816,0.0036125138597505,0.017605908442539935,0.2355333299771218,0.00018609611393721157,0.14440809728784268,0.2498518100049106,0.3875197562771122,0.0,,
2026-08-26,CSX,-0.010635051196672516,0.00781083183244463,-0.0013379566200207424,0.015025806766395783,0.715393953750037,-0.00151958542017728,0.09405442674677728,0.2745286349518482,0.12048550756634183,0.0,,
2026-08-26,GD,-0.0018467071170612766,0.00041632925442362735,0.0016644535952335903,0.012715724183175452,0.5409774553641225,-0.0003028385643096106,0.2470332354403717,0.18873626402597482,-0.47006709524381535,-1.0,,
2026-08-26,TDG,-0.0006584317259100921,-0.0003831922210351987,0.0015848199464572783,0.01322251117154784,0.2910751131779126,-0.0013290504752174878,-0.03514783700576783,0.3019882711150669,-0.6752568802380033,-1.0,,
2026-08-26,HWM,-0.026546355024128485,-0.004563653429653167,-0.0035819521292784675,0.03953816447361787,0.7886636471571171,-0.0030730108200941212,0.09851671275833025,0.27601369242918716,-1.631523162589478,0.0,,
2026-08-26,FTV,0.0025708869952422897,0.0036624142137640274,-0.00041752455046185964,0.008768281610931296,0.44339839926297,-0.0018397648243718557,-0.024553900473623783,0.33161463627807464,-0.20853979126112604,-1.0,,
2026-08-26,XYL,-0.003317015201782039,0.010051132146469847,0.0004451602096707389,0.017253470094918406,0.634517373321147,-0.0025421402512137083,0.01571715259058619,0.31994116947998996,-0.6210571649844826,0.0,,
2026-08-26,FAST,-0.0063941450717304995,0.006827980887220027,-0.004802167439671249,0.01774570727524083,0.9560471345749966,0.0047324199381005684,0.28449416609874434,0.25688817529352853,-0.14355668824007792,-1.0,,
2026-08-26,CHRW,0.003935883914803878,0.005086191248379374,0.0015259437434299466,0.015506835583018432,0.4243810363593778,-0.013909275111701487,-0.37249470481606844,0.6860590169450194,-0.3781205406990388,0.0,,
2026-08-26,LIN,0.003255254135499196,0.0017432804403283673,0.004532629905991909,0.013244067201073555,0.22496050107211377,-0.002505971202848427,-0.21717245539258243,0.24583432304132208,0.3856795381436692,1.0,,
2026-08-26,APD,0.005549179146758343,-0.0018027476222346008,0.006459679211912414,0.014531027401246373,0.035956027075032405,0.0012616113225404975,0.0963864739381866,0.22794639077995782,0.13497346982538072,0.0,,
2026-08-26,SHW,0.00014420664336587815,0.00014431550556961875,-0.000905318163626801,0.015143211407970432,0.7047642299107143,0.005158854432219153,0.15888000557228818,0.4214501135836973,-0.2744339138795657,-1.0,,
2026-08-26,PPG,-0.00675435651812637,0.002991345477177465,-0.002208437981201809,0.016161742889748816,0.9016388658431341,-0.0005917900778643774,-0.03261281967317967,0.36855904950404883,-0.19013458264158592,0.0,,
2026-08-26,NEM,-0.011694135157189554,0.013908842976318435,0.005722061706685472,0.03458736108355923,0.41228199328077525,0.018395999085667743,0.26059487526613817,0.4461993660362939,1.4162676351591472,-1.0,,
2026-08-26,FCX,-0.0073989263371684365,0.022300457455230786,0.005801969473198343,0.03558410120807412,0.38644905652058903,0.011062754110493308,0.1447027213763279,0.48586471877164883,2.1099704419504848,-1.0,,
2026-08-26,NUE,-0.01802274075848914,0.022911113780067816,-0.014136990850009629,0.05571453939183272,0.9163610431947841,-0.0003537660428730733,0.23954196049919127,0.37618737029461996,-1.8537908233725682,-1.0,,
2026-08-26,ALB,-0.01186734344322644,-0.00020937171658609512,-0.0030373859200531197,0.028647068798003068,0.6177544139560787,0.01179795653764081,-0.04758169909689977,0.35285608899975013,0.7650052520629292,0.0,,
2026-08-26,LYB,-0.017628533221660858,-0.017250327272595817,-0.002396080303952021,0.030137982053135694,0.81170696858159,0.0060872297885258405,0.12445955724439642,0.36315684250343677,0.1312975980030234,0.0,,
2026-08-26,DD,-0.014198206996058558,0.003108680256019345,0.0012122027578862315,0.023504871813006985,0.7076194363496568,0.0003895601331061938,0.07602051061383742,0.23740848256785788,-0.8966240758604488,0.0,,
2026-08-26,DOW,-0.01842017695050969,-0.0095856948617302,-0.001647073916190514,0.02480912105748648,0.782050843147228,0.004471833064115908,0.027752127311736784,0.40213749529101933,-0.10706683042952428,0.0,,
2026-08-26,CF,-0.005462010030490579,0.00269983111048651,-0.004426261669189147,0.03654856527487656,0.6910053849817944,0.002611467567218629,0.055241466638036016,0.4081806153707639,1.4433945196796238,0.0,,
2026-08-26,MOS,-0.02477662833298897,0.00777734472714531,-0.012004650757453526,0.06600999113849487,0.7350615685292872,0.005152730903834256,0.03964354955652628,0.3744271809357596,1.9899673012449504,-1.0,,
2026-08-26,ECL,0.010596387353006711,0.00859246834359471,0.002771620673396659,0.012139951162521222,0.08895154863963152,0.002503267791838253,0.12571395726602727,0.24335346717683326,0.5057244578379502,-1.0,,
2026-08-26,IFF,0.011194873219530747,0.006881844321966972,0.0042414712236078225,0.019403255255844788,0.09309273532080244,0.005863808386515506,0.16247289691618824,0.41335976306858013,0.6416702107910793,-1.0,,
2026-08-26,CE,-0.037713752533168984,0.005447495106536481,-0.004691831685346135,0.05773905112839737,0.8795402526888857,0.0006392360598188796,-0.11861291075720055,0.414098703534557,-0.06076457030317184,1.0,,
2026-08-26,PKG,-0.020205620131336532,0.004589893094288426,-0.0049310572587829135,0.0303706709334354,0.9046988134309518,-0.00023868432036359575,0.25503965434791154,0.37068887956787394,-0.4260041920516948,-1.0,,
2026-08-26,AMT,0.00734195371097123,0.007424942964023341,0.002578243973696459,0.016595221162822946,0.16722770082531305,0.0028627025465514755,0.04726127264316234,0.3022499490932627,0.4296154273807789,-0.3333333333333333,,
2026-08-26,PLD,0.007236694766009212,0.003666908408527964,0.004475634250673808,0.01360209919043056,0.07692006729527759,-0.002006731939234706,-0.06470668952478274,0.2571431925201091,0.1613845377241605,0.0,,
2026-08-26,EQIX,-0.010022196580578789,0.00023465585049855774,0.006797652185307331,0.03665546122807164,0.4535820824849661,-0.00040888507415403095,0.056199613110109584,0.33332479839986673,-0.7205312916866139,0.0,,
2026-08-26,CCI,0.01178650992543684,-0.0002647510047608716,0.0018162342948767798,0.017408400582350474,0.26315638516342943,0.0005530306497941602,-0.12566540681860755,0.3535151056359694,0.2741524188135234,-1.0,,
2026-08-26,WELL,0.0008755115686238335,0.002298382970094878,9.039194056184851e-05,0.01799546825528591,0.6296310686470162,-0.0023535559776433988,0.03762920818636134,0.24510884563219276,0.17014577360290684,0.0,,
2026-08-26,SPG,0.006246058169281986,0.0047870916773665876,0.003581440248940441,0.015408465900295836,0.29698710039259674,-0.0025157263435602647,0.011950547691342912,0.19857684417637053,-0.22949953175371174,0.0,,
2026-08-26,O,0.0039739310221963715,0.00495209873558017,0.0017624278742174315,0.010378380402506129,0.381389123286874,-0.002109945911639729,-0.042512809921851996,0.1719836158063668,0.04366180677580307,0.0,,
2026-08-26,DLR,-0.0105505987338833,-0.0010592469401533079,0.006175566612591212,0.03336866464791943,0.31955431673786633,-0.0020243692563107606,0.14390545386131215,0.46377379038833766,-0.9388138452664737,0.0,,
2026-08-26,PSA,0.010007773801719114,-0.0024493350405918597,0.004285127594758169,0.016247649812177488,0.015148975522353553,5.226043208800403e-05,0.07688539696930315,0.24710913675388038,-0.12610747435957786,-1.0,,
2026-08-26,EXR,0.001711977005340106,-0.004974078460496672,0.00037942172600798616,0.01982495160435299,0.5206888568512107,-0.00024810813399777336,0.04814351078400251,0.23158193872648497,-0.23141804108090105,0.0,,
2026-08-26,VTR,0.00032109587663256393,0.0041908381676335265,0.0017915131307748042,0.019496171061008954,0.5308629054877155,-0.0038601139288962274,0.01048291561862185,0.3271980126118902,0.2559921264016577,0.0,,
2026-08-26,VICI,0.003936990698761139,0.006035452509645565,-0.0010875929021946116,0.0179271540270773,0.7812507450587702,-0.00039572260544516665,-0.054029299557197596,0.21416381239969864,0.3607654424625126,0.0,,
2026-08-26,WY,-0.008536625551415645,0.0063407931511787405,-0.003368132911546123,0.023985202915623713,0.8376077572153319,0.0014838237875772604,0.07335976648805423,0.3486060446932997,0.05246021897599526,0.0,,
2026-08-26,ESS,0.011332742835554077,0.0045328635245458476,0.005731579585885826,0.01718328788438661,0.22200042343405016,-0.0007551548588328465,-0.04251941645942897,0.22588957496148254,0.4544114359697808,0.0,,
2026-08-26,NEE,0.0017760722185153188,0.0036463663986656836,0.003410356591940279,0.011236739929295348,0.09089881562694267,-0.0035245058629945116,-0.14328500299944125,0.1425805276118252,-0.5647309832838601,0.0,,
2026-08-26,DUK,0.014725493489181176,0.0029203043686034593,0.004056319265832735,0.018201206841722186,0.10810708639769057,-0.0038160375852453765,-0.07227480348586839,0.19330056036631013,-0.37427385055980383,0.0,,
2026-08-26,SO,0.011677531372523487,0.0010137675846485642,0.0007322008859651472,0.015704782902230197,0.2614858708018138,-0.004061853834446676,-0.12959997910642612,0.16972577690941626,-0.550583476990105,-1.0,,
2026-08-26,AEP,0.007183574784885849,0.0014056405284733995,0.0064748406168607655,0.018117716212925777,0.13121873586749014,-0.005332329817882957,-0.20657290686114466,0.18810842092622912,-0.7520781119081925,0.0,,
2026-08-26,D,-0.0016486901729466615,0.0019523185157246424,-0.0008817297303755288,0.018916110564254483,0.7619027435498422,-0.003247176710501835,-0.09020628351620068,0.156415246371476,-0.6771027103591216,0.0,,
2026-08-26,EXC,0.008299265172030446,0.0047977857499749655,0.004032453908817458,0.013981344672791975,0.1129022334338276,-0.004113790734137562,-0.09941463135354253,0.20994803346255642,-0.6043229555022451,0.0,,
2026-08-26,SRE,0.018175186248870698,0.0020503939384458525,0.00658841067356186,0.0234661389796327,0.12090953116712405,-0.005711806142499954,-0.2612494811973701,0.19381276642799355,-0.422272173853692,0.0,,
2026-08-26,XEL,0.011513767498420067,0.0015725691314547418,0.004911659014251021,0.017074113782292937,0.09848857035517151,-0.0033845970659078304,-0.08026321971242052,0.17224028787118428,-0.5506620334804911,0.0,,
2026-08-26,AWK,0.028750026927274817,0.004208870671530971,0.006847064137936828,0.036380612275390654,0.04322214527892943,0.0007013983618718331,0.12896763742962358,0.24343150188146523,0.5221771516653284,0.0,,
2026-08-26,WEC,0.010046945491307219,0.0047169811320754715,0.0026117685536954285,0.017014039234961167,0.147635563262856,-0.003921880027721807,-0.17874334406796424,0.17875063631728189,-0.5935442400663195,-1.0,,
2026-08-26,ED,0.0015811551678541354,0.010811261321710623,0.0037328802934852613,0.021357557528283097,0.052171893918033604,-0.0026267092030985485,-0.08603878988785237,0.1793513456417255,-0.219587577218046,0.0,,
2026-08-26,PEG,0.009195692606817282,0.0033739964716610247,0.005636756628072243,0.01433699491705718,0.05141269106067624,-0.004716694613309742,-0.26240369591025464,0.15426936147687903,-0.6128600439722038,-1.0,,
2026-08-26,ETR,0.012827914790632423,-0.0015293792573963813,0.004194244259889176,0.01546084498210121,0.09216331937202078,-0.004845096574366315,-0.19652769755310465,0.2150827597465763,-0.5740941285627786,0.0,,
2026-08-26,FE,0.008335183972225633,0.004894995613492368,0.004635530917620864,0.016317812641566627,0.11842092054409477,-0.003622733708862385,-0.050640645232982756,0.1656216805063155,-0.45495070961786255,0.0,,
2026-08-26,CNP,0.007858806863781303,0.0011608921540340632,0.00734402688007968,0.018151580058950064,0.05633401747241057,-0.006671740940623798,-0.2512553009958061,0.20425193982012216,-0.685289199306582,1.0,,
2026-08-26,CMS,-0.0030603188001637953,0.0051267924524084785,0.00024238090197443342,0.011986546571088644,0.3780459438588003,-0.004103907906091615,-0.20137035976050915,0.1775724854008225,-0.8472536213256914,1.0,,
2026-08-26,AES,0.0,-0.0010159392464584387,-0.0005882113123448284,0.0020339448573225634,0.6666666666666666,0.0003620611553931022,0.27591946439816195,0.029833281032754004,-0.17079825886162583,0.0,,
2026-08-26,ATO,0.008836796914743594,-0.003235623992496139,0.0035266509957931442,0.011560018810261849,0.07731634418750984,-0.003576087883968386,-0.14587589693842018,0.1718520877808609,-0.2632099015377492,1.0,,
2026-08-26,NFLX,0.0008756528982536188,0.004019086709186981,-0.002212023361593053,0.019996241085809375,0.38127437983424095,0.00673266058016887,0.07558272603924726,0.35710940278059966,0.7050812277031262,-1.0,,
2026-08-26,DIS,0.020481605620482565,0.005706312735443183,0.0016269924752773208,0.034264541132030805,0.3324543091977462,0.00662065762386247,0.17014795926307336,0.2884559206587715,0.9721328911599258,-1.0,,
2026-08-26,CMCSA,0.005208381747325827,0.0013037753141121563,-0.001324280676273873,0.012583277084667784,0.470587575312188,0.009656255759177551,0.19116662332435477,0.4157732417700444,0.7746201640518866,0.0,,
2026-08-26,VZ,0.013336023944797656,0.0008089163783658146,0.001772094351438371,0.0183449280349586,0.14130164364022357,0.003315836319370818,0.24988267643103718,0.2944381592099449,0.5568224394740303,-1.0,,
2026-08-26,T,0.009622971250726305,0.005926496313526825,0.001797674375054336,0.02178569830589895,0.11607209760151498,0.002431220429337164,0.2445623386189311,0.316979856455005,0.5145888809455045,0.0,,
2026-08-26,TMUS,-0.006386753704449852,0.005108243289329543,-0.00176653295748375,0.018599612136279683,0.6617629239351414,0.0010513884128511336,-0.04285602323877328,0.5313501768848485,0.06903260605878904,0.0,,
2026-08-26,CHTR,0.007578330616236698,-0.0069806543554324215,-0.00560250233884846,0.04276492822712357,0.5494158914572196,0.010741375917642376,0.16905238959436136,0.5190778348785953,0.5492166060563684,0.0,,
2026-08-26,TTWO,-0.026068821689259645,0.0005842802441126044,-0.014027860379191563,0.04136314637145343,0.9182057172107191,0.0021854684978253177,0.047899544685993486,0.35119327364570524,-0.7126478608927617,-1.0,,
2026-08-26,LYV,0.007811179431749949,0.006847300409035419,0.00012658554021826644,0.01859082891366023,0.31195476646988957,0.0014499853807026228,0.0946689036382123,0.2758822795201011,-0.14623778658132863,-1.0,,
2026-08-26,WBD,-0.005992806412306826,0.010784333695190856,-0.0032603936307243763,0.00853803570274847,0.9795951732191515,0.005263792269499248,0.11308571088265754,0.22739012911949827,0.29456543951967634,-1.0,,
2026-08-26,OMC,0.011715181992129366,0.004455608306722409,0.00015627799986702546,0.022091107753815255,0.3129792628427882,0.005064123045200977,0.1599592146368865,0.414969182807379,0.5112446144850695,0.0,,
2026-08-26,SPY,-0.0016998990275939102,-0.0011884354525066232,-0.00011518702548508577,0.004112686244049816,0.5541452036155117,0.0018328445969214187,0.16388121221576676,0.13175676717340576,-0.35580159060097244,0.0,,
2026-08-26,QQQ,-0.004770138827725911,-0.005305467104486979,-0.00022623237215336028,0.010039031941478706,0.5007059107109038,0.0022623711972744394,0.020334960693336,0.24189802078264175,-0.6912221310569426,0.0,,
2026-08-26,IWM,-0.005274533923058005,-0.001300308879318923,-0.0009625062734675883,0.00785312725544279,0.7564067451778239,0.001542824675518918,0.09945137323321161,0.1448931222343784,-0.48961493010430807,0.0,,
2026-08-26,DIA,0.0034408664345441783,-0.0006764226120578695,0.0005367355758073811,0.0049656401309088995,0.3094410023723426,0.0013622180486468054,0.15607467306224398,0.1341410588600431,-0.1626428086686818,0.0,,
2026-08-26,XLF,0.008665511150584743,0.0038274394999162796,0.00032248460516557656,0.012644344832635403,0.23902608443228002,0.0010535604604084913,0.27177872391255037,0.12305646846945727,0.02348423924005069,0.0,,
2026-08-26,XLK,-0.009026857418335072,-0.008946184720236124,0.0007579190497330776,0.017010109499020307,0.6000029894770408,0.0024568621472413153,0.0449812544595991,0.333686755137909,-1.048662371444416,0.0,,
2026-08-26,XLE,-0.001739415044781975,-0.006051054169480599,0.0011946181232433029,0.01837477946753885,0.5086208881011026,0.0034610285942975097,0.2467594587635302,0.2274577976703652,-0.02010594723355292,0.0,,
2026-08-26,XLV,0.0015480133478750118,-0.001202562483965251,0.0017894212764702786,0.009102338015560681,0.1509471987101975,0.00372624696896511,0.2584532712341317,0.18441919574353022,0.594835891901803,0.0,,
2026-08-26,XLI,-0.006108006369563828,-0.0007767818507862598,0.0003683814842835493,0.010866569442577245,0.6735180594345247,-0.0006316297636537879,0.09132783684010601,0.17089899423855665,-0.8068985628110682,0.0,,
2026-08-26,XLP,0.011393876750988026,0.005290937695542321,0.0020496757539820343,0.011608616892431948,0.029555465355763016,0.001142066473855992,0.07452343902763969,0.18414322200569733,0.37928716968294024,0.0,,
2026-08-26,XLY,-0.0008447244166345552,0.0032203157069319384,-0.0009758095680864507,0.0060872609750918455,0.7083350993938881,0.003927372871813506,0.06838926511330154,0.2425036796750939,0.059091871176069115,0.0,,
2026-08-26,XLU,0.007814390191662959,0.002574837515905389,0.0032911261605073844,0.012961405736852385,0.09820844686648501,-0.003940819471348864,-0.16454497739616836,0.14246031627464528,-0.5176282051325157,0.0,,
2026-08-26,XLB,-0.008054835009490299,0.009062044211571148,-0.00213610388712172,0.016987116904912565,0.6813176218083344,0.002268864557141359,0.11530635982668157,0.19345823122424632,0.26296461906017915,0.0,,
2026-08-26,XLRE,0.0034295559319281427,0.002995967985327723,0.0030558090910640617,0.009481815207141853,0.11628608434910666,-0.0009353815772674488,0.02733241631841195,0.14620254787498588,0.024114999190383114,0.0,,
2026-08-26,XLC,0.007850349965792303,0.0004487516445552791,-0.0006334678692068358,0.012106650833983464,0.34926342716736414,0.0024484355497351477,0.028136647277912527,0.2368689701853273,0.06336231247626514,0.0,,
2026-08-26,GLD,-0.004246825011041303,0.012211211796804743,-0.0011956230974920475,0.012232561775155689,0.5153260176908371,0.006729598925656652,0.16749754268430497,0.23301925974433207,0.7017234785147008,0.0,,
2026-08-26,SLV,-0.009711838831625243,0.0015148085860158423,0.00026808475060948904,0.020900309021139495,0.6384603872800312,0.009228927352846538,0.0991083039379286,0.3743435705258768,0.5677363548412837,0.0,,
2026-08-26,TLT,0.0007879083806818181,0.005607009743287244,-0.0006936587021917308,0.005208021467460608,0.7325455545501321,-0.000501205270249269,-0.18748690127043052,0.09298603339543018,0.08541470424066476,0.0,,
2026-08-26,HYG,0.0010046998103575208,0.0,0.0005274119155269939,0.001598439582946838,0.07851239669421488,0.00048362563714266546,0.11357990559826979,0.028442448976758638,-0.1410114561301064,0.0,,
2026-08-26,LQD,0.0006596277140265466,0.0016990777895756288,-6.200131859791605e-05,0.0021188291642166963,0.599979654809942,7.647943723197121e-05,-0.13082650653376993,0.05144151548562148,-0.08481943633375516,0.0,,
2026-08-26,VNQ,0.003698573558603552,0.002284480444728099,0.002612630374672783,0.009537734471006212,0.24857302019166336,-0.0011368275449706372,0.02157151659026051,0.14365584857918315,0.028688637860504195,0.0,,
2026-08-26,ARKK,-0.020719056423679605,-0.006724658910778986,-0.005504123495535012,0.022766507052154432,0.9293221009239176,0.009646764061248767,0.05348459817897432,0.3878737370410343,0.277684735063227,0.0,,
2026-08-26,SMH,-0.01226983583030226,-0.012131656873374728,0.0012224434382624469,0.024096472963734784,0.5453513636216234,0.00043174133961992417,-0.054133773127026656,0.49010882828990593,-1.4705572999714576,0.0,,
2026-08-26,SOXX,-0.010629157036257723,-0.01567463068126126,0.005672072456755895,0.02597947832032055,0.43671676000204146,9.113241527489036e-05,-0.06864882807646794,0.5931599080870439,-1.7195742180263165,0.0,,
2026-08-26,IBIT,-0.002458938389420937,0.02485679373526229,-0.003000282192300402,0.027674998221945028,0.5587047910868672,0.009905032171951631,0.0506239370619958,0.2847937560319898,3.5588009920369807,0.0,,
2026-08-26,BTC-USD,0.01612848111049,0.00010503706501713914,0.005102386940825548,0.041882257570454,0.3021613145477818,0.01104432146122545,0.14722185523468667,0.23878061193582323,2.147125287553029,0.0,,
2026-08-26,ETH-USD,0.007842910666834225,3.964335254318053e-06,0.002923722362865358,0.043142590537900996,0.45906186819473793,0.01670403570328335,0.21916373927377206,0.37423440725437324,1.5261278617280027,0.0,,
2026-08-26,SOL-USD,0.03709137494732009,0.00020964444398247686,0.03103068583517031,0.058092541978048036,0.0,0.014253201222378569,0.17481269267013738,0.30981359500654837,2.385157565142804,0.0,,
2026-08-26,XRP-USD,-0.02590910901030027,0.0002630712085538368,-0.006520641315356457,0.051643865767426404,0.6339872438365728,0.020995158081444858,-0.027524273288279444,0.3745939710921427,5.42913243850355,0.0,,
2026-08-26,DOGE-USD,-0.035438997135913905,-0.00010704077870810554,-0.00833963883955003,0.05827505287728954,0.6609531351336776,0.016267888750365386,0.06383931438736601,0.34769850979576894,3.1229923087598905,0.0,,
